,Genus,Num_names_for_genus_with_species_discrepancy,Total_names_for_genus,Percent
0,Rubus,197,14266,1.3809056497967194
1,Rosa,164,11566,1.4179491613349473
2,Crataegus,133,3000,4.433333333333334
3,Hieracium,117,18618,0.6284241057041573
4,Carex,104,9921,1.0482814232436246
5,Solanum,88,5932,1.4834794335805799
7,Festuca,78,3669,2.125919869174162
6,Grindelia,78,306,25.49019607843137
8,Polygonum,73,2400,3.0416666666666665
9,Achillea,71,883,8.040770101925254
11,Agropyron,70,1087,6.439742410303588
10,Potentilla,70,5268,1.3287775246772968
12,Taraxacum,64,3385,1.8906942392909896
13,Polygala,64,2579,2.481582008530438
14,Sulcorebutia,60,247,24.291497975708502
15,Quercus,59,4836,1.2200165425971878
16,Persicaria,58,610,9.508196721311476
17,Viola,54,4123,1.3097259277225322
19,Pilosella,54,1321,4.08781226343679
18,Panicum,54,3970,1.3602015113350125
21,Eruca,52,96,54.166666666666664
20,Capsicum,52,291,17.869415807560138
22,Ranunculus,45,5393,0.8344149823845726
23,Opuntia,44,1470,2.993197278911565
25,Euphorbia,42,5639,0.7448129100904416
24,Artemisia,42,2015,2.0843672456575684
26,Leea,39,200,19.5
27,Morus,38,301,12.624584717607974
29,Elymus,37,1060,3.490566037735849
28,Senecio,37,6123,0.6042789482279928
30,Erodium,36,775,4.645161290322581
31,Acacia,36,3578,1.0061486864169928
32,Asplenium,35,3405,1.0279001468428781
35,Silene,34,3444,0.9872241579558653
34,Weingartia,34,222,15.315315315315315
33,Biscutella,34,559,6.082289803220036
36,Hymenophyllum,34,809,4.202719406674907
39,Brachypodium,33,370,8.91891891891892
38,Calandrinia,33,348,9.482758620689655
37,Helianthemum,33,1459,2.2618231665524333
40,Celtis,32,449,7.12694877505568
41,Polystachya,32,503,6.361829025844931
42,Aloe,31,1516,2.044854881266491
43,Eucalyptus,30,1937,1.5487867836861124
44,Sedum,29,2050,1.4146341463414633
45,Polypodium,29,3698,0.7842076798269335
46,Utricularia,28,864,3.240740740740741
50,Avena,27,1052,2.5665399239543727
49,Pyrus,27,2537,1.064249113125739
47,Allium,27,2975,0.907563025210084
48,Trichomanes,27,908,2.973568281938326
53,Brassica,26,1131,2.2988505747126435
51,Cardamine,26,1420,1.8309859154929577
52,Apocynum,26,292,8.904109589041095
54,Pouzolzia,25,263,9.505703422053232
55,Oxalis,25,2150,1.1627906976744187
59,Phaseolus,25,1005,2.487562189054726
58,Nolana,25,155,16.129032258064516
56,Psychotria,25,3738,0.6688068485821295
57,Orchis,25,2185,1.1441647597254005
60,Aconitum,24,1896,1.2658227848101267
61,Passiflora,23,1298,1.7719568567026194
67,Mammillaria,23,1991,1.1551983927674536
63,Centaurea,23,3725,0.6174496644295302
65,Bidens,23,1029,2.2351797862001943
62,Elleanthus,23,168,13.69047619047619
68,Malus,23,696,3.3045977011494254
66,Andropogon,23,1833,1.254773595199127
64,Thymus,23,2114,1.0879848628192998
69,Croton,22,2858,0.7697690692792163
74,Betula,22,1089,2.0202020202020203
70,Vaccinium,22,1428,1.5406162464985995
73,Lampranthus,22,262,8.396946564885496
72,Mesembryanthemum,22,1385,1.5884476534296028
71,Poa,22,3396,0.6478209658421673
75,Cyathea,22,1446,1.5214384508990317
76,Spiraea,22,1253,1.7557861133280128
77,Piper,22,4734,0.46472327841149136
78,Stipa,21,1443,1.4553014553014554
79,Aglaia,21,541,3.8817005545286505
85,Blechnum,20,709,2.8208744710860367
81,Geranium,20,1857,1.0770059235325795
84,Digitaria,20,853,2.3446658851113718
82,Impatiens,20,1792,1.1160714285714286
83,Peperomia,20,3221,0.6209251785159888
80,Ficus,20,3898,0.513083632632119
90,Lonicera,19,1159,1.639344262295082
91,Gymnadenia,19,316,6.012658227848101
89,Ophrys,19,2352,0.8078231292517006
88,Salix,19,4597,0.41331303023711113
93,Pinus,19,1808,1.0508849557522124
87,Astragalus,19,8148,0.23318605792832597
92,Gnaphalium,19,1383,1.373825018076645
86,Begonia,19,3342,0.5685218432076601
97,Hibiscus,18,1530,1.1764705882352942
94,Tamarix,18,338,5.325443786982248
95,Aster,18,2848,0.6320224719101124
98,Dryopteris,18,3145,0.5723370429252782
96,Saxifraga,18,3228,0.5576208178438662
101,Dichanthelium,17,234,7.264957264957265
99,Erysimum,17,1126,1.5097690941385435
100,Pleurothallis,17,2307,0.7368877329865626
103,Pyrethrum,17,401,4.239401496259352
102,Ilex,17,1873,0.9076348104644955
104,Achyranthes,16,365,4.383561643835616
105,Pittosporum,16,613,2.6101141924959217
106,Ischaemum,16,351,4.5584045584045585
107,Vernonia,16,2460,0.6504065040650406
108,Thalictrum,16,1320,1.2121212121212122
112,Carduus,15,1114,1.3464991023339319
111,Luffa,15,80,18.75
116,Orobanche,15,1197,1.2531328320802004
115,Dendrobium,15,3155,0.4754358161648177
109,Lupinus,15,1955,0.7672634271099744
110,Agrostis,15,2024,0.741106719367589
113,Polystichum,15,1152,1.3020833333333333
114,Dianthus,15,1988,0.7545271629778671
125,Aspidium,14,1827,0.7662835249042146
120,Anemone,14,1167,1.1996572407883461
121,Amaranthus,14,664,2.108433734939759
117,Athyrium,14,1090,1.2844036697247707
119,Veronica,14,2359,0.5934718100890207
123,Prunus,14,3717,0.3766478342749529
122,Eria,14,853,1.64126611957796
118,Eupatorium,14,2579,0.5428460643660333
126,Chrysanthemum,14,717,1.9525801952580195
124,Erigeron,14,1846,0.7583965330444203
128,Ophioglossum,13,250,5.2
130,Thelypteris,13,1801,0.7218212104386452
132,Viburnum,13,843,1.5421115065243178
135,Cleome,13,603,2.155887230514096
136,Lolium,13,359,3.6211699164345403
133,Euphrasia,13,1020,1.2745098039215685
134,Puccinellia,13,390,3.3333333333333335
131,Eugenia,13,3741,0.3475006682705159
129,Albizia,13,426,3.051643192488263
127,Phlox,13,589,2.2071307300509337
139,Alchemilla,12,2078,0.5774783445620789
137,Batrachium,12,178,6.741573033707865
138,Banisteria,12,375,3.2
144,Gagea,12,687,1.7467248908296944
141,Verbena,12,865,1.3872832369942196
140,Commelina,12,741,1.6194331983805668
146,Carissa,12,119,10.084033613445378
142,Valeriana,12,1181,1.0160880609652836
143,Lomaria,12,315,3.8095238095238093
145,Vicia,12,1504,0.7978723404255319
155,Diospyros,11,1602,0.686641697877653
154,Cyphia,11,179,6.145251396648045
147,Schizachyrium,11,195,5.641025641025641
149,Iberis,11,401,2.743142144638404
148,Pyrrhocactus,11,121,9.090909090909092
152,Aira,11,547,2.010968921389397
151,Vitex,11,723,1.5214384508990317
169,Alyxia,11,296,3.7162162162162162
150,Echinochloa,11,250,4.4
162,Cyperus,11,4091,0.2688829137130286
161,Arabis,11,1272,0.8647798742138365
167,Roegneria,11,269,4.089219330855019
168,Acalypha,11,1367,0.8046817849305048
165,Eryngium,11,679,1.6200294550810015
164,Hepatica,11,71,15.492957746478874
163,Momisia,11,27,40.74074074074074
166,Bromus,11,1958,0.5617977528089888
157,Osmunda,11,195,5.641025641025641
156,Evelyna,11,54,20.37037037037037
159,Trautvetteria,11,24,45.833333333333336
158,Santolina,11,181,6.077348066298343
160,Atriplex,11,1144,0.9615384615384616
153,Triticum,11,1396,0.7879656160458453
170,Photinia,10,263,3.802281368821293
171,Antirrhinum,10,621,1.6103059581320451
176,Armeria,10,880,1.1363636363636365
177,Werneria,10,131,7.633587786259542
175,Eriocaulon,10,1174,0.8517887563884157
174,Parsonsia,10,262,3.816793893129771
179,Notocactus,10,403,2.4813895781637716
180,Julocroton,10,119,8.403361344537815
173,Coelogyne,10,865,1.1560693641618498
172,Delphinium,10,1633,0.612369871402327
178,Alyssum,10,1137,0.8795074758135444
192,Marsdenia,9,488,1.8442622950819672
184,Malaxis,9,715,1.2587412587412588
185,Isoetes,9,480,1.875
181,Uragoga,9,1041,0.8645533141210374
183,Iris,9,1650,0.5454545454545454
190,Galactia,9,351,2.5641025641025643
191,Pellaea,9,285,3.1578947368421053
182,Consolea,9,27,33.333333333333336
198,Nepenthes,9,397,2.2670025188916876
194,Oxytropis,9,1284,0.7009345794392523
195,Campanula,9,3232,0.2784653465346535
199,Anemia,9,309,2.912621359223301
196,Neoporteria,9,271,3.321033210332103
187,Coreopsis,9,445,2.0224719101123596
186,Danaea,9,88,10.227272727272727
197,Bulbophyllum,9,3385,0.2658788774002954
193,Mimosa,9,2117,0.42512990080302315
188,Scirpus,9,1863,0.4830917874396135
189,Erophila,9,195,4.615384615384615
203,Tephrocactus,8,198,4.040404040404041
202,Physalis,8,459,1.7429193899782136
201,Haplopappus,8,577,1.3864818024263432
200,Herbertia,8,29,27.586206896551722
218,Vigna,8,476,1.680672268907563
219,Grammitis,8,940,0.851063829787234
224,Eleocharis,8,958,0.8350730688935282
208,Arenaria,8,1669,0.4793289394847214
222,Clematis,8,1999,0.400200100050025
223,Paepalanthus,8,958,0.8350730688935282
220,Adonis,8,241,3.319502074688797
221,Tanacetum,8,521,1.5355086372360844
230,Luisia,8,93,8.602150537634408
227,Psidium,8,501,1.596806387225549
228,Saussurea,8,1096,0.7299270072992701
229,Hedyotis,8,1079,0.7414272474513438
232,Lippia,8,598,1.3377926421404682
231,Malvastrum,8,312,2.5641025641025643
225,Monardella,8,191,4.18848167539267
226,Bupleurum,8,1071,0.7469654528478058
214,Fagraea,8,224,3.5714285714285716
235,Glandularia,8,136,5.882352941176471
204,Gymnocalycium,8,536,1.492537313432836
205,Carpinus,8,240,3.3333333333333335
206,Echinocactus,8,995,0.8040201005025126
207,Leymus,8,153,5.228758169934641
209,Inga,8,918,0.8714596949891068
210,Rhinanthus,8,358,2.2346368715083798
216,Nigritella,8,99,8.080808080808081
211,Mespilus,8,438,1.82648401826484
212,Draba,8,1848,0.4329004329004329
213,Globularia,8,120,6.666666666666667
217,Selaginella,8,1770,0.4519774011299435
215,Pteris,8,1334,0.5997001499250375
233,Papaver,8,1077,0.7428040854224698
234,Corymbia,8,148,5.405405405405405
252,Alsophila,7,900,0.7777777777777778
253,Adiantum,7,974,0.7186858316221766
254,Hemiandra,7,25,28.0
255,Cyanotis,7,148,4.72972972972973
257,Baptisia,7,100,7.0
258,Vanda,7,235,2.978723404255319
259,Yucca,7,499,1.402805611222445
260,Doryopteris,7,142,4.929577464788732
261,Heliotropium,7,990,0.7070707070707071
262,Parinari,7,188,3.723404255319149
263,Ulmus,7,590,1.1864406779661016
264,Minuartia,7,602,1.1627906976744187
265,Cytisus,7,913,0.7667031763417306
266,Scabiosa,7,896,0.78125
267,Rebutia,7,387,1.8087855297157622
268,Callista,7,399,1.7543859649122806
269,Verbascum,7,1615,0.43343653250773995
270,Cordia,7,870,0.8045977011494253
271,Callitriche,7,414,1.6908212560386473
240,Cyanococcus,7,23,30.434782608695652
273,Arachniodes,7,243,2.880658436213992
274,Stegnogramma,7,48,14.583333333333334
275,Cephalomanes,7,47,14.893617021276595
276,Stoebe,7,87,8.045977011494253
246,Kalanchoe,7,486,1.440329218106996
247,Justicia,7,2217,0.31574199368516015
248,Pseudocyclosorus,7,59,11.864406779661017
239,Gentiana,7,2437,0.2872384078785392
250,Lycianthes,7,334,2.095808383233533
251,Pyrrocoma,7,110,6.363636363636363
244,Koeleria,7,910,0.7692307692307693
237,Leptogramma,7,66,10.606060606060606
238,Schivereckia,7,17,41.1764705882353
272,Astrocaryum,7,114,6.140350877192983
256,Hydrangea,7,502,1.3944223107569722
236,Oncidium,7,1459,0.47978067169294036
243,Cynanchum,7,1040,0.6730769230769231
241,Scrophularia,7,913,0.7667031763417306
245,Evolvulus,7,378,1.8518518518518519
242,Stylosanthes,7,128,5.46875
249,Polemonium,7,306,2.287581699346405
285,Chloranthus,6,64,9.375
286,Eritrichium,6,362,1.6574585635359116
279,Sorbus,6,1304,0.4601226993865031
278,Hordeum,6,562,1.0676156583629892
277,Distichlis,6,58,10.344827586206897
284,Cotoneaster,6,804,0.746268656716418
283,Serapias,6,400,1.5
282,Matricaria,6,281,2.1352313167259784
281,Nephrolepis,6,202,2.9702970297029703
280,Didymochlaena,6,27,22.22222222222222
287,Tamus,6,21,28.571428571428573
303,Aristolochia,6,1069,0.5612722170252572
290,Memecylon,6,712,0.8426966292134831
289,Madronella,6,48,12.5
292,Urginea,6,170,3.5294117647058822
293,Linaria,6,1356,0.4424778761061947
294,Tillandsia,6,1729,0.3470213996529786
291,Vera-duthiea,6,12,50.0
296,Microstylis,6,464,1.293103448275862
297,Kuhnia,6,63,9.523809523809524
298,Leucanthemum,6,309,1.941747572815534
299,Plantago,6,1880,0.3191489361702128
300,Stackhousia,6,78,7.6923076923076925
301,Ulex,6,209,2.8708133971291865
302,Citrus,6,714,0.8403361344537815
295,Lotus,6,913,0.6571741511500547
288,Cassytha,6,95,6.315789473684211
321,Rostellularia,6,95,6.315789473684211
322,Allocarya,6,164,3.658536585365854
304,Lycopodium,6,1171,0.5123825789923142
308,Notholaena,6,253,2.3715415019762847
309,Odontites,6,211,2.843601895734597
310,Alectorolophus,6,142,4.225352112676056
311,Eriogonum,6,1422,0.4219409282700422
312,Crassula,6,969,0.6191950464396285
313,Potamogeton,6,1418,0.4231311706629055
314,Sagina,6,294,2.0408163265306123
315,Horridocactus,6,37,16.216216216216218
316,Mangifera,6,167,3.592814371257485
317,Chilita,6,113,5.3097345132743365
318,Micromeria,6,427,1.405152224824356
319,Melica,6,624,0.9615384615384616
320,Rhodiola,6,219,2.73972602739726
305,Juncus,6,2170,0.2764976958525346
306,Crepidomanes,6,119,5.042016806722689
307,Cactus,6,673,0.8915304606240714
324,Angelica,5,420,1.1904761904761905
325,Absinthium,5,59,8.474576271186441
326,Crepis,5,1032,0.4844961240310077
323,Urostigma,5,320,1.5625
328,Portulaca,5,539,0.9276437847866419
329,Lilium,5,822,0.6082725060827251
330,Trillium,5,285,1.7543859649122806
331,Pithecellobium,5,543,0.9208103130755064
332,Glyceria,5,383,1.3054830287206267
333,Androsace,5,615,0.8130081300813008
334,Ruschia,5,447,1.1185682326621924
327,Hedypnois,5,72,6.944444444444445
351,Varronia,5,267,1.8726591760299625
350,Cerastium,5,1600,0.3125
349,Galium,5,3101,0.16123831022250887
348,Fagus,5,219,2.2831050228310503
347,Ledum,5,59,8.474576271186441
346,Ipomoea,5,2724,0.18355359765051396
345,Phalaenopsis,5,385,1.2987012987012987
344,Epidendrum,5,3089,0.16186468112657817
343,Fimbristylis,5,1077,0.46425255338904364
342,Eriophorum,5,212,2.358490566037736
341,Sarcanthus,5,204,2.450980392156863
340,Cattleya,5,874,0.5720823798627003
339,Salsola,5,702,0.7122507122507122
338,Gilia,5,722,0.6925207756232687
337,Ternstroemia,5,312,1.6025641025641026
335,Ardisia,5,1608,0.31094527363184077
336,Rauvolfia,5,239,2.092050209205021
353,Coccoloba,5,450,1.1111111111111112
354,Malacothamnus,5,41,12.195121951219512
355,Amanoa,5,54,9.25925925925926
356,Attalea,5,127,3.937007874015748
357,Baissea,5,58,8.620689655172415
358,Acorus,5,53,9.433962264150944
359,Angraecum,5,609,0.8210180623973727
360,Corydalis,5,1346,0.37147102526002973
361,Paronychia,5,471,1.0615711252653928
362,Phacelia,5,699,0.7153075822603719
363,Aspidosperma,5,219,2.2831050228310503
364,Desmodium,5,979,0.5107252298263534
365,Parodia,5,472,1.0593220338983051
366,Cheilanthes,5,690,0.7246376811594203
367,Eurya,5,438,1.1415525114155252
383,Spiranthes,5,497,1.0060362173038229
382,Hibbertia,5,567,0.8818342151675485
381,Ctenitis,5,384,1.3020833333333333
380,Nephrodium,5,1230,0.4065040650406504
379,Lastrea,5,688,0.7267441860465116
378,Maba,5,193,2.5906735751295336
377,Melocactus,5,439,1.1389521640091116
376,Davallia,5,462,1.0822510822510822
375,Vittaria,5,194,2.577319587628866
374,Hypolepis,5,206,2.4271844660194173
373,Aristida,5,1058,0.4725897920604915
372,Diplazium,5,1044,0.4789272030651341
371,Teucrium,5,1213,0.41220115416323166
370,Acrostichum,5,900,0.5555555555555556
369,Struthiopteris,5,109,4.587155963302752
352,Schinus,5,154,3.2467532467532467
392,Scorzonera,5,582,0.8591065292096219
393,Tephroseris,5,168,2.9761904761904763
394,Marlierea,5,141,3.5460992907801416
395,Oldenlandia,5,741,0.6747638326585695
388,Eulalia,5,111,4.504504504504505
389,Eragrostis,5,1379,0.36258158085569253
390,Hyparrhenia,5,173,2.8901734104046244
391,Cacalia,5,932,0.5364806866952789
387,Anoectochilus,5,167,2.9940119760479043
386,Lonchocarpus,5,390,1.2820512820512822
385,Dorycnium,5,126,3.9682539682539684
396,Solidago,5,1009,0.49554013875123887
397,Paspalum,5,1378,0.36284470246734396
398,Brickellia,5,275,1.8181818181818181
368,Geodorum,5,39,12.820512820512821
384,Rhodospatha,5,55,9.090909090909092
512,Oligosporus,4,103,3.883495145631068
513,Phalaris,4,250,1.6
514,Microlicia,4,435,0.9195402298850575
515,Calea,4,340,1.1764705882352942
420,Coprosma,4,263,1.520912547528517
421,Vanilla,4,235,1.702127659574468
422,Iguanura,4,61,6.557377049180328
423,Tetranthera,4,276,1.4492753623188406
424,Baccharis,4,1292,0.30959752321981426
425,Acrodiclidium,4,65,6.153846153846154
426,Pourthiaea,4,79,5.063291139240507
427,Pogostemon,4,156,2.5641025641025643
428,Cleisostoma,4,254,1.5748031496062993
429,Linum,4,1035,0.3864734299516908
430,Vincetoxicum,4,679,0.5891016200294551
431,Anagallis,4,210,1.9047619047619047
400,Argyrochosma,4,24,16.666666666666668
401,Ptilagrostis,4,33,12.121212121212121
402,Thapsia,4,77,5.194805194805195
403,Coptis,4,54,7.407407407407407
436,Mecodium,4,131,3.053435114503817
437,Cystopteris,4,193,2.0725388601036268
438,Conyza,4,802,0.49875311720698257
439,Onosma,4,558,0.7168458781362007
440,Popowia,4,161,2.484472049689441
441,Alsine,4,631,0.6339144215530903
442,Hydnora,4,27,14.814814814814815
443,Alona,4,34,11.764705882352942
444,Oleandra,4,102,3.9215686274509802
445,Garcinia,4,665,0.6015037593984962
446,Vaseyanthus,4,9,44.44444444444444
447,Mentha,4,2779,0.1439366678661389
416,Cirsium,4,1923,0.2080083203328133
417,Calliandra,4,493,0.8113590263691683
418,Struthiola,4,128,3.125
419,Atropis,4,156,2.5641025641025643
452,Lobelia,4,1769,0.22611644997173544
453,Dendranthema,4,112,3.5714285714285716
454,Asclepias,4,824,0.4854368932038835
455,Didymoglossum,4,115,3.4782608695652173
456,Dictyocline,4,9,44.44444444444444
457,Hemionitis,4,570,0.7017543859649122
458,Tolumnia,4,50,8.0
459,Gymnogramma,4,419,0.954653937947494
460,Eriocephalus,4,75,5.333333333333333
461,Lobivia,4,782,0.5115089514066496
462,Symphyotrichum,4,232,1.7241379310344827
463,Rhynchospora,4,1117,0.35810205908683973
432,Maesa,4,344,1.1627906976744187
433,Melampyrum,4,306,1.3071895424836601
434,Dicranopteris,4,138,2.898550724637681
435,Lindsaea,4,583,0.6861063464837049
468,Epilobium,4,1419,0.28188865398167723
469,Erica,4,2640,0.15151515151515152
470,Ferulago,4,109,3.669724770642202
471,Ocotea,4,885,0.4519774011299435
472,Fumana,4,140,2.857142857142857
473,Cassia,4,1726,0.23174971031286212
474,Cleistocactus,4,162,2.4691358024691357
475,Collaea,4,50,8.0
476,Pilosocereus,4,195,2.051282051282051
477,Fuchsia,4,334,1.1976047904191616
478,Galarhoeus,4,179,2.2346368715083798
479,Chenopodium,4,1214,0.32948929159802304
448,Satureja,4,755,0.5298013245033113
449,Musa,4,467,0.8565310492505354
450,Habenaria,4,2043,0.19579050416054822
451,Dendrorkis,4,64,6.25
484,Philadelphus,4,353,1.13314447592068
485,Melandrium,4,286,1.3986013986013985
486,Silvaea,4,12,33.333333333333336
487,Echinopsis,4,595,0.6722689075630253
488,Cistus,4,750,0.5333333333333333
489,Feuilleea,4,420,0.9523809523809523
490,Cereus,4,1308,0.3058103975535168
491,Cryptantha,4,425,0.9411764705882353
492,Brexia,4,26,15.384615384615385
493,Primula,4,2227,0.1796138302649304
494,Echinocereus,4,564,0.7092198581560284
495,Elaeocarpus,4,945,0.42328042328042326
464,Peliosanthes,4,106,3.7735849056603774
465,Plagiobothrys,4,169,2.366863905325444
466,Pediocactus,4,125,3.2
467,Castela,4,38,10.526315789473685
500,Bunium,4,236,1.694915254237288
501,Specklinia,4,538,0.7434944237918215
502,Lepidium,4,977,0.4094165813715456
503,Crotalaria,4,1857,0.2154011847065159
504,Claytonia,4,371,1.0781671159029649
505,Woodsia,4,192,2.0833333333333335
506,Botrychium,4,316,1.2658227848101267
507,Xylobium,4,78,5.128205128205129
508,Alophia,4,26,15.384615384615385
509,Typha,4,211,1.8957345971563981
510,Asparagus,4,575,0.6956521739130435
511,Dracaena,4,620,0.6451612903225806
480,Memorialis,4,33,12.121212121212121
481,Tithymalus,4,753,0.5312084993359893
482,Cistanche,4,60,6.666666666666667
483,Stellaria,4,967,0.4136504653567735
516,Elaeoselinum,4,31,12.903225806451612
517,Leontodon,4,455,0.8791208791208791
518,Cynosurus,4,149,2.684563758389262
496,Diuris,4,158,2.5316455696202533
497,Thaspium,4,35,11.428571428571429
498,Metastelma,4,214,1.8691588785046729
499,Elatine,4,153,2.6143790849673203
404,Sonchus,4,533,0.7504690431519699
405,Antitaxis,4,8,50.0
406,Ottonia,4,111,3.6036036036036037
407,Leucojum,4,50,8.0
408,Caprifolium,4,177,2.2598870056497176
409,Marattia,4,99,4.040404040404041
410,Dicksonia,4,209,1.9138755980861244
411,Lithospermum,4,414,0.966183574879227
412,Ligusticum,4,371,1.0781671159029649
413,Narcissus,4,1118,0.35778175313059035
414,Knautia,4,414,0.966183574879227
415,Pinalia,4,323,1.238390092879257
399,Sida,4,1409,0.28388928317955997
672,Sporobolus,3,625,0.48
656,Spigelia,3,177,1.694915254237288
673,Bredemeyera,3,74,4.054054054054054
643,Seriphium,3,54,5.555555555555555
642,Polyalthia,3,365,0.821917808219178
641,Indigofera,3,1794,0.16722408026755853
640,Syzygium,3,1644,0.18248175182481752
671,Sempervivum,3,640,0.46875
670,Hyrtanandra,3,15,20.0
669,Chrysocoma,3,171,1.7543859649122806
668,Olearia,3,351,0.8547008547008547
667,Pycnarrhena,3,29,10.344827586206897
666,Prosopis,3,166,1.8072289156626506
665,Stylidium,3,467,0.6423982869379015
664,Nothoscordum,3,159,1.8867924528301887
663,Bambusa,3,574,0.5226480836236934
662,Meringium,3,62,4.838709677419355
661,Onosmodium,3,40,7.5
660,Peucedanum,3,832,0.3605769230769231
527,Sapindus,3,149,2.0134228187919465
526,Cupressus,3,345,0.8695652173913043
525,Deyeuxia,3,510,0.5882352941176471
524,Bellis,3,98,3.061224489795918
523,Brachyscome,3,219,1.36986301369863
522,Chaetanthera,3,145,2.0689655172413794
521,Tylloma,3,23,13.043478260869565
520,Inula,3,543,0.5524861878453039
519,Uniola,3,48,6.25
543,Calanthe,3,645,0.46511627906976744
542,Polygonella,3,30,10.0
541,Sterculia,3,496,0.6048387096774194
540,Gladiolus,3,983,0.3051881993896236
539,Cupaniopsis,3,110,2.727272727272727
538,Racosperma,3,1118,0.26833631484794274
537,Trifurcia,3,10,30.0
536,Tritonia,3,144,2.0833333333333335
535,Pratia,3,77,3.896103896103896
534,Disporum,3,122,2.459016393442623
533,Vriesea,3,660,0.45454545454545453
532,Drimia,3,201,1.492537313432836
531,Hedysarum,3,1053,0.2849002849002849
530,Phleum,3,252,1.1904761904761905
529,Dipladenia,3,119,2.5210084033613445
528,Helichrysum,3,1529,0.1962066710268149
559,Caragana,3,298,1.0067114093959733
558,Hydrocotyle,3,586,0.5119453924914675
557,Sisymbrium,3,933,0.3215434083601286
556,Acer,3,2230,0.13452914798206278
555,Rochefortia,3,27,11.11111111111111
554,Cynoglossum,3,566,0.5300353356890459
553,Dendrophthora,3,191,1.5706806282722514
552,Trichipteris,3,98,3.061224489795918
551,Hypericum,3,2224,0.13489208633093525
550,Holboellia,3,38,7.894736842105263
549,Geum,3,514,0.5836575875486382
548,Fragaria,3,492,0.6097560975609756
547,Pygeum,3,184,1.6304347826086956
546,Angiopteris,3,226,1.3274336283185841
545,Elaeagia,3,37,8.108108108108109
544,Bletia,3,218,1.3761467889908257
575,Sphaeralcea,3,260,1.1538461538461537
574,Malveopsis,3,89,3.3707865168539324
573,Celsia,3,176,1.7045454545454546
572,Neomammillaria,3,320,0.9375
571,Ebnerella,3,83,3.6144578313253013
570,Combretum,3,911,0.32930845225027444
569,Calopyxis,3,25,12.0
568,Apostasia,3,25,12.0
567,Scheelea,3,63,4.761904761904762
566,Aerangis,3,125,2.4
565,Anthurium,3,1859,0.16137708445400753
564,Anthemis,3,888,0.33783783783783783
563,Torenia,3,185,1.6216216216216217
562,Cupania,3,266,1.1278195488721805
561,Ruellia,3,1155,0.2597402597402597
560,Calyptridium,3,23,13.043478260869565
591,Fagara,3,464,0.646551724137931
590,Spergularia,3,383,0.783289817232376
589,Lysimachia,3,698,0.4297994269340974
588,Philippiamra,3,11,27.272727272727273
587,Cieca,3,66,4.545454545454546
586,Zingiber,3,328,0.9146341463414634
585,Gleichenia,3,292,1.0273972602739727
584,Cudrania,3,25,12.0
583,Pedicularis,3,1700,0.17647058823529413
582,Barclaya,3,9,33.333333333333336
581,Sinapis,3,220,1.3636363636363635
580,Dioclea,3,106,2.830188679245283
579,Navarretia,3,242,1.2396694214876034
578,Limonium,3,1080,0.2777777777777778
577,Rhamnus,3,1027,0.2921129503407984
576,Epacris,3,221,1.3574660633484164
607,Deparia,3,161,1.8633540372670807
606,Tripleurospermum,3,87,3.4482758620689653
605,Laserpitium,3,231,1.2987012987012987
604,Leptospermum,3,302,0.9933774834437086
603,Liparis,3,816,0.36764705882352944
602,Stelis,3,1737,0.17271157167530224
601,Stenorrhynchos,3,146,2.0547945205479454
600,Philodendron,3,882,0.3401360544217687
599,Danais,3,70,4.285714285714286
598,Campylospermum,3,134,2.2388059701492535
597,Lecanthus,3,18,16.666666666666668
596,Myrica,3,210,1.4285714285714286
595,Nuphar,3,112,2.6785714285714284
594,Fissistigma,3,106,2.830188679245283
593,Gentianella,3,562,0.5338078291814946
592,Encyclia,3,481,0.6237006237006237
623,Filipendula,3,119,2.5210084033613445
622,Seriola,3,40,7.5
621,Berula,3,27,11.11111111111111
620,Chiropetalum,3,41,7.317073170731708
619,Morinda,3,269,1.1152416356877324
618,Cladium,3,179,1.675977653631285
617,Juniperus,3,890,0.33707865168539325
616,Aruncus,3,69,4.3478260869565215
615,Anacampseros,3,202,1.4851485148514851
614,Vandenboschia,3,68,4.411764705882353
613,Hermannia,3,423,0.7092198581560284
612,Holosteum,3,53,5.660377358490566
611,Echeveria,3,502,0.5976095617529881
610,Litsea,3,860,0.3488372093023256
609,Cyclosorus,3,657,0.45662100456621
608,Bolbitis,3,188,1.5957446808510638
639,Tabernaemontana,3,480,0.625
638,Gabunia,3,16,18.75
637,Salvia,3,2752,0.10901162790697674
636,Stachys,3,1298,0.23112480739599384
635,Arundinella,3,201,1.492537313432836
634,Asarum,3,317,0.9463722397476341
633,Cheirostylis,3,109,2.7522935779816513
632,Malapoenna,3,169,1.7751479289940828
631,Ononis,3,992,0.3024193548387097
630,Acetosella,3,381,0.7874015748031497
629,Statice,3,847,0.3541912632821724
628,Trichilia,3,516,0.5813953488372093
627,Berberis,3,1548,0.1937984496124031
626,Bergeranthus,3,27,11.11111111111111
625,Phegopteris,3,448,0.6696428571428571
624,Populus,3,791,0.37926675094816686
655,Globba,3,266,1.1278195488721805
654,Pulsatilla,3,382,0.7853403141361257
653,Karwinskia,3,29,10.344827586206897
652,Nasturtium,3,457,0.6564551422319475
651,Phippsia,3,65,4.615384615384615
650,Aquilegia,3,797,0.37641154328732745
649,Turritis,3,94,3.1914893617021276
648,Aspidistra,3,254,1.1811023622047243
647,Liriope,3,49,6.122448979591836
646,Stillingia,3,180,1.6666666666666667
645,Rheedia,3,88,3.409090909090909
644,Faramea,3,333,0.9009009009009009
659,Stachytarpheta,3,285,1.0526315789473684
658,Canthium,3,504,0.5952380952380952
657,Elionurus,3,84,3.5714285714285716
674,Chasmanthium,3,10,30.0
919,Disocactus,2,53,3.7735849056603774
920,Ermania,2,23,8.695652173913043
921,Robinsonia,2,16,12.5
922,Pleurospermum,2,118,1.694915254237288
891,Parahemionitis,2,3,66.66666666666667
892,Elatostema,2,1044,0.19157088122605365
893,Ehretia,2,268,0.746268656716418
894,Rumex,2,1298,0.15408320493066255
895,Moronobea,2,21,9.523809523809524
896,Mesua,2,76,2.6315789473684212
1027,Aeschynanthus,2,285,0.7017543859649122
898,Genista,2,1023,0.19550342130987292
899,Paradavallodes,2,5,40.0
900,Epipactis,2,713,0.2805049088359046
901,Chrysalidocarpus,2,36,5.555555555555555
902,Dracocephalum,2,247,0.8097165991902834
903,Frasera,2,57,3.508771929824561
904,Melodorum,2,101,1.9801980198019802
905,Phelypaea,2,144,1.3888888888888888
906,Cycas,2,242,0.8264462809917356
875,Crabbea,2,24,8.333333333333334
876,Cotyledon,2,475,0.42105263157894735
897,Gomphrena,2,506,0.3952569169960474
928,Grewia,2,696,0.28735632183908044
929,Carinta,2,16,12.5
930,Chamaesyce,2,523,0.3824091778202677
931,Colysis,2,109,1.834862385321101
932,Loxogramme,2,81,2.4691358024691357
933,Tectaria,2,516,0.3875968992248062
934,Hypodematium,2,51,3.9215686274509802
935,Hakea,2,783,0.2554278416347382
936,Goodenia,2,398,0.5025125628140703
937,Acidosasa,2,28,7.142857142857143
918,Dorstenia,2,502,0.398406374501992
907,Widdringtonia,2,22,9.090909090909092
908,Adhatoda,2,153,1.3071895424836601
909,Aillya,2,5,40.0
910,Euonymus,2,744,0.26881720430107525
911,Oenothera,2,1435,0.13937282229965156
912,Nymphaea,2,484,0.4132231404958678
913,Spicanta,2,54,3.7037037037037037
914,Cranfillia,2,25,8.0
915,Meniscium,2,83,2.4096385542168677
916,Crucifera,2,169,1.183431952662722
917,Euzomum,2,6,33.333333333333336
938,Cynosciadium,2,5,40.0
869,Paraspalathus,2,59,3.389830508474576
870,Agrostemma,2,57,3.508771929824561
871,Deutzia,2,354,0.5649717514124294
872,Alysicarpus,2,146,1.36986301369863
873,Aletes,2,26,7.6923076923076925
874,Pterocarya,2,41,4.878048780487805
843,Tillaea,2,115,1.7391304347826086
844,Dactylorhiza,2,753,0.2656042496679947
845,Odontoglossum,2,582,0.3436426116838488
846,Culcasia,2,43,4.651162790697675
877,Coryphantha,2,257,0.7782101167315175
848,Bernardia,2,179,1.1173184357541899
849,Cojoba,2,41,4.878048780487805
850,Corispermum,2,191,1.0471204188481675
851,Chrysosplenium,2,284,0.704225352112676
852,Chaenorhinum,2,169,1.183431952662722
853,Camellia,2,750,0.26666666666666666
854,Allionia,2,127,1.5748031496062993
855,Cuphea,2,759,0.2635046113306983
856,Senegalia,2,335,0.5970149253731343
857,Securidaca,2,152,1.3157894736842106
858,Camphorosma,2,24,8.333333333333334
847,Oxydectes,2,577,0.3466204506065858
878,Unona,2,229,0.8733624454148472
879,Meibomia,2,414,0.4830917874396135
880,Lithops,2,176,1.1363636363636365
881,Lophosciadium,2,11,18.181818181818183
882,Ferocactus,2,170,1.1764705882352942
883,Exacum,2,192,1.0416666666666667
884,Euploca,2,187,1.0695187165775402
885,Adesmia,2,435,0.45977011494252873
886,Parosela,2,310,0.6451612903225806
887,Elytropappus,2,24,8.333333333333334
868,Agrosinapis,2,2,100.0
889,Orogenia,2,6,33.333333333333336
890,Aleuritopteris,2,130,1.5384615384615385
859,Talinum,2,160,1.25
860,Buchanania,2,97,2.0618556701030926
861,Rungia,2,125,1.6
862,Rhododendron,2,3447,0.05802146794313896
863,Cryptocarya,2,556,0.3597122302158273
864,Hylotelephium,2,93,2.150537634408602
865,Dionysia,2,82,2.4390243902439024
866,Wormia,2,72,2.7777777777777777
867,Dicliptera,2,397,0.5037783375314862
888,Mappia,2,49,4.081632653061225
987,Pycnodoria,2,8,25.0
988,Lagenophora,2,77,2.5974025974025974
989,Mystacidium,2,113,1.7699115044247788
990,Lankesteriana,2,26,7.6923076923076925
991,Cercocarpus,2,77,2.5974025974025974
992,Aphanes,2,44,4.545454545454546
993,Vilfa,2,268,0.746268656716418
994,Medinilla,2,572,0.34965034965034963
995,Chamaemelum,2,120,1.6666666666666667
996,Laphamia,2,48,4.166666666666667
927,Salicornia,2,261,0.7662835249042146
998,Lepanthes,2,1404,0.14245014245014245
999,Dorema,2,26,7.6923076923076925
1000,Actinophloeus,2,22,9.090909090909092
1001,Fischeria,2,39,5.128205128205129
1002,Philibertia,2,113,1.7699115044247788
971,Pluchea,2,194,1.0309278350515463
972,Trachynia,2,7,28.571428571428573
973,Gigantochloa,2,97,2.0618556701030926
974,Brachynema,2,7,28.571428571428573
975,Spermacoce,2,673,0.2971768202080238
976,Cyclobalanopsis,2,191,1.0471204188481675
997,Odontadenia,2,65,3.076923076923077
1028,Aeonium,2,186,1.075268817204301
1029,Hebe,2,219,0.91324200913242
1030,Zeia,2,18,11.11111111111111
1031,Dimeria,2,128,1.5625
1032,Danthonia,2,436,0.45871559633027525
1033,Aegilops,2,470,0.425531914893617
1034,Chamaecyparis,2,181,1.1049723756906078
1003,Notogrammitis,2,14,14.285714285714286
1004,Doodia,2,60,3.3333333333333335
1005,Marsilea,2,180,1.1111111111111112
1018,Chusua,2,29,6.896551724137931
1007,Tridens,2,44,4.545454545454546
1008,Dimorphorchis,2,18,11.11111111111111
1009,Ancistrocactus,2,16,12.5
1010,Cincinalis,2,35,5.714285714285714
1011,Seriphidium,2,186,1.075268817204301
1012,Oxyacantha,2,41,4.878048780487805
1013,Huperzia,2,524,0.3816793893129771
1014,Sigmoidotropis,2,10,20.0
1015,Pseudolysimachion,2,138,1.4492753623188406
1016,Arundinaria,2,542,0.36900369003690037
1017,Parentucellia,2,10,20.0
1006,Waldsteinia,2,24,8.333333333333334
969,Calyptranthes,2,453,0.44150110375275936
970,Shawia,2,72,2.7777777777777777
939,Doria,2,68,2.9411764705882355
940,Colymbada,2,126,1.5873015873015872
941,Gymnosporia,2,303,0.6600660066006601
942,Opophytum,2,12,16.666666666666668
943,Erythraea,2,244,0.819672131147541
944,Tamonea,2,62,3.225806451612903
945,Tetracera,2,218,0.9174311926605505
946,Periloba,2,10,20.0
977,Arachnis,2,42,4.761904761904762
948,Heteropterys,2,448,0.44642857142857145
949,Cremolobus,2,19,10.526315789473685
950,Polylepis,2,114,1.7543859649122806
951,Eriolobus,2,10,20.0
952,Callilepis,2,13,15.384615384615385
953,Gamochaeta,2,89,2.247191011235955
954,Leontopodium,2,145,1.3793103448275863
923,Hippocrepis,2,190,1.0526315789473684
924,Hesperis,2,565,0.35398230088495575
925,Hariota,2,73,2.73972602739726
926,Haplanthus,2,16,12.5
947,Pleurandra,2,55,3.6363636363636362
978,Pterostylis,2,378,0.5291005291005291
979,Premna,2,427,0.468384074941452
980,Platanthera,2,654,0.3058103975535168
981,Lycopodioides,2,360,0.5555555555555556
982,Centaurium,2,331,0.6042296072507553
983,Carduncellus,2,88,2.272727272727273
984,Mimulus,2,500,0.4
985,Cerasus,2,753,0.2656042496679947
986,Stenochlaena,2,81,2.4691358024691357
955,Belloa,2,26,7.6923076923076925
968,Goniophlebium,2,207,0.966183574879227
957,Lathyrus,2,1222,0.16366612111292964
958,Derris,2,253,0.7905138339920948
959,Serrulatocereus,2,2,100.0
960,Carpodinus,2,67,2.985074626865672
961,Pseudognaphalium,2,137,1.4598540145985401
962,Amphidesmium,2,6,33.333333333333336
963,Sphaerocionium,2,124,1.6129032258064515
964,Anatherum,2,54,3.7037037037037037
965,Bryophyllum,2,64,3.125
966,Amauropelta,2,256,0.78125
967,Macroglena,2,20,10.0
956,Cylicodaphne,2,65,3.076923076923077
718,Vallisneria,2,55,3.6363636363636362
719,Linociera,2,233,0.8583690987124464
720,Ephedra,2,267,0.7490636704119851
721,Crinum,2,475,0.42105263157894735
722,Polianthes,2,56,3.5714285714285716
723,Aniba,2,99,2.0202020202020203
724,Artocarpus,2,225,0.8888888888888888
725,Anatherostipa,2,13,15.384615384615385
726,Muhlenbergia,2,436,0.45871559633027525
727,Phaius,2,197,1.015228426395939
758,Trifolium,2,1985,0.10075566750629723
729,Paullinia,2,391,0.5115089514066496
730,Dolichos,2,472,0.423728813559322
699,Gonostegia,2,25,8.0
700,Ecbolium,2,345,0.5797101449275363
701,Kengia,2,34,5.882352941176471
702,Sorghum,2,569,0.351493848857645
703,Dupatya,2,221,0.9049773755656109
704,Anathallis,2,217,0.9216589861751152
705,Mariscus,2,632,0.31645569620253167
706,Stauracanthus,2,27,7.407407407407407
728,Scilla,2,632,0.31645569620253167
759,Lamourouxia,2,64,3.125
760,Lewisia,2,68,2.9411764705882355
761,Loranthus,2,1546,0.129366106080207
762,Psorodendron,2,13,15.384615384615385
731,Pultenaea,2,318,0.6289308176100629
732,Dendrophthoe,2,134,1.492537313432836
733,Anadenanthera,2,9,22.22222222222222
734,Piptadenia,2,153,1.3071895424836601
735,Sadiria,2,14,14.285714285714286
736,Tradescantia,2,432,0.46296296296296297
717,Chytroma,2,52,3.8461538461538463
738,Parkia,2,85,2.3529411764705883
739,Bassia,2,272,0.7352941176470589
740,Barleria,2,617,0.3241491085899514
741,Humboltia,2,326,0.6134969325153374
742,Zeuxine,2,192,1.0416666666666667
743,Cannomois,2,23,8.695652173913043
744,Monochilus,2,24,8.333333333333334
745,Aubrieta,2,78,2.5641025641025643
746,Atocion,2,14,14.285714285714286
715,Thuranthos,2,20,10.0
716,Porrum,2,26,7.6923076923076925
737,Lespedeza,2,425,0.47058823529411764
1035,Serruria,2,154,1.2987012987012987
1026,Moraea,2,460,0.43478260869565216
1025,Crocus,2,888,0.22522522522522523
1024,Melanthera,2,109,1.834862385321101
1023,Lacinaria,2,128,1.5625
1022,Jasminonerium,2,25,8.0
1021,Gymnopteris,2,108,1.8518518518518519
1020,Rhagadiolus,2,39,5.128205128205129
675,Conohoria,2,16,12.5
676,Pollinia,2,148,1.3513513513513513
707,Belvala,2,23,8.695652173913043
678,Molinia,2,106,1.8867924528301887
679,Cymbopogon,2,213,0.9389671361502347
680,Lomandra,2,85,2.3529411764705883
681,Cnicus,2,377,0.5305039787798409
1019,Apargia,2,97,2.0618556701030926
1036,Cleistogenes,2,50,4.0
1037,Cephalostachyum,2,30,6.666666666666667
1038,Calamagrostis,2,1382,0.1447178002894356
1039,Sinobambusa,2,44,4.545454545454546
1040,Anemonoides,2,61,3.278688524590164
682,Onopordum,2,237,0.8438818565400844
677,Ponerorchis,2,83,2.4096385542168677
708,Pandanus,2,1416,0.14124293785310735
709,Petrophile,2,119,1.680672268907563
710,Microlaena,2,23,8.695652173913043
711,Schismatoglottis,2,293,0.6825938566552902
712,Tripsacum,2,55,3.6363636363636362
713,Redfieldia,2,7,28.571428571428573
714,Ktenosachne,2,2,100.0
683,Arctium,2,299,0.6688963210702341
684,Oliganthes,2,30,6.666666666666667
685,Doronicum,2,210,0.9523809523809523
698,Werauhia,2,109,1.834862385321101
687,Monarda,2,134,1.492537313432836
688,Ozothamnus,2,94,2.127659574468085
689,Tibouchina,2,481,0.4158004158004158
690,Miconia,2,2553,0.07833920877399138
691,Phalaroides,2,14,14.285714285714286
692,Myrcia,2,1446,0.13831258644536654
693,Anacamptis,2,212,0.9433962264150944
694,Anteriorchis,2,10,20.0
695,Trymalium,2,80,2.5
696,Evax,2,72,2.7777777777777777
697,Antennaria,2,452,0.4424778761061947
686,Gynura,2,177,1.1299435028248588
819,Cochemiea,2,56,3.5714285714285716
820,Myrsine,2,541,0.36968576709796674
821,Trochocephalus,2,53,3.7735849056603774
822,Leucopogon,2,379,0.5277044854881267
823,Shuteria,2,35,5.714285714285714
824,Quassia,2,63,3.1746031746031744
825,Casparya,2,37,5.405405405405405
826,Ferolia,2,40,5.0
795,Brasilicactus,2,10,20.0
796,Vanieria,2,13,15.384615384615385
808,Lycium,2,584,0.3424657534246575
798,Procris,2,125,1.6
799,Luehea,2,55,3.6363636363636362
800,Tigridia,2,97,2.0618556701030926
801,Cynorkis,2,321,0.6230529595015576
802,Nertera,2,32,6.25
803,Chiococca,2,108,1.8518518518518519
804,Arduina,2,19,10.526315789473685
805,Callicarpa,2,467,0.4282655246252677
806,Caladenia,2,511,0.3913894324853229
807,Phyllorkis,2,279,0.7168458781362007
797,Maclura,2,54,3.7037037037037037
827,Orthosiphon,2,221,0.9049773755656109
829,Tarenaya,2,39,5.128205128205129
830,Godetia,2,112,1.7857142857142858
831,Othonna,2,261,0.7662835249042146
832,Picridium,2,45,4.444444444444445
833,Neochilenia,2,78,2.5641025641025643
834,Dioscorea,2,1555,0.12861736334405144
835,Restrepia,2,142,1.408450704225352
836,Lithocardium,2,222,0.9009009009009009
837,Xyris,2,709,0.2820874471086037
818,Conioselinum,2,62,3.225806451612903
839,Sophora,2,303,0.6600660066006601
840,Calamus,2,1000,0.2
841,Cirrhopetalum,2,253,0.7905138339920948
842,Cyrtandra,2,1291,0.15491866769945778
811,Sericocomopsis,2,15,13.333333333333334
812,Platanus,2,101,1.9801980198019802
813,Petalonyx,2,12,16.666666666666668
814,Notodon,2,5,40.0
815,Matayba,2,86,2.3255813953488373
816,Cinnamomum,2,747,0.2677376171352075
817,Anubias,2,28,7.142857142857143
838,Beatonia,2,9,22.22222222222222
768,Mitreola,2,34,5.882352941176471
769,Sympa,2,2,100.0
770,Eschweilera,2,214,0.9345794392523364
771,Capsella,2,477,0.4192872117400419
772,Ouratea,2,587,0.34071550255536626
773,Drosera,2,538,0.37174721189591076
774,Dalechampia,2,311,0.6430868167202572
775,Diasperus,2,498,0.40160642570281124
776,Phyllanthus,2,2224,0.08992805755395683
777,Eremostachys,2,191,1.0471204188481675
767,Maytenus,2,481,0.4158004158004158
747,Homalobus,2,88,2.272727272727273
748,Aspalathus,2,697,0.28694404591104733
749,Isotrema,2,115,1.7391304347826086
750,Xanthosoma,2,269,0.7434944237918215
751,Borreria,2,488,0.4098360655737705
752,Eremurus,2,117,1.7094017094017093
753,Monnina,2,303,0.6600660066006601
754,Lomatium,2,225,0.8888888888888888
755,Zanthoxylum,2,745,0.2684563758389262
756,Cracca,2,318,0.6289308176100629
828,Retzia,2,7,28.571428571428573
778,Petrea,2,74,2.7027027027027026
757,Trianthema,2,91,2.197802197802198
810,Jussiaea,2,410,0.4878048780487805
779,Pleurostachys,2,88,2.272727272727273
780,Leptorkis,2,145,1.3793103448275863
781,Clinostigma,2,30,6.666666666666667
782,Biophytum,2,127,1.5748031496062993
783,Tetrapterys,2,267,0.7490636704119851
784,Talisia,2,95,2.1052631578947367
785,Chamaecytisus,2,162,1.2345679012345678
786,Mertensia,2,372,0.5376344086021505
787,Cissus,2,1113,0.17969451931716082
788,Jatropha,2,606,0.33003300330033003
789,Isochilus,2,40,5.0
790,Gongora,2,134,1.492537313432836
791,Octomeria,2,246,0.8130081300813008
792,Castelaria,2,11,18.181818181818183
793,Protea,2,698,0.28653295128939826
794,Rostellaria,2,20,10.0
763,Sansevieria,2,180,1.1111111111111112
764,Phragmites,2,168,1.1904761904761905
765,Convolvulus,2,1840,0.10869565217391304
809,Thomasia,2,65,3.076923076923077
766,Pimpinella,2,665,0.3007518796992481
1938,Adenocheton,1,2,50.0
1936,Epibaterium,1,6,16.666666666666668
1939,Androphylax,1,2,50.0
1940,Bricchettia,1,2,50.0
1941,Nephroia,1,18,5.555555555555555
1942,Quinio,1,2,50.0
1943,Cocculidium,1,2,50.0
1944,Leaeba,1,2,50.0
1945,Ferrandia,1,2,50.0
1946,Galloa,1,2,50.0
1915,Echinorebutia,1,1,100.0
1916,Cintia,1,2,50.0
1917,Scoparebutia,1,1,100.0
1918,Rebulobivia,1,3,33.333333333333336
1919,Camphora,1,50,2.0
1920,Parthenoxylon,1,4,25.0
1922,Chaerophyllum,1,263,0.38022813688212925
1937,Baumgartia,1,2,50.0
1976,Pseudopteryxia,1,5,20.0
1978,Cymopterus,1,129,0.7751937984496124
1947,Neurocarpum,1,30,3.3333333333333335
1948,Viorna,1,40,2.5
1949,Sclerostylis,1,22,4.545454545454546
1950,Limonia,1,82,1.2195121951219512
1951,Corchorus,1,228,0.43859649122807015
1952,Condalia,1,63,1.5873015873015872
1953,Ceanothus,1,355,0.28169014084507044
1954,Colona,1,46,2.1739130434782608
1955,Santalodes,1,46,2.1739130434782608
1921,Cicendia,1,17,5.882352941176471
1957,Taeniochlaena,1,6,16.666666666666668
1958,Roureopsis,1,19,5.2631578947368425
1959,Paxia,1,19,5.2631578947368425
1960,Byrsocarpus,1,36,2.7777777777777777
1961,Spiropetalum,1,13,7.6923076923076925
1962,Icica,1,62,1.6129032258064515
1931,Thea,1,143,0.6993006993006993
1932,Camelina,1,97,1.0309278350515463
1933,Myagrum,1,73,1.36986301369863
1934,Cistanthe,1,64,1.5625
1935,Columbia,1,42,2.380952380952381
1956,Santaloidella,1,2,50.0
1913,Cylindrorebutia,1,6,16.666666666666668
1914,Spegazzinia,1,4,25.0
1883,Trichosporum,1,114,0.8771929824561403
1884,Aegopodium,1,31,3.225806451612903
1885,Adenandra,1,103,0.970873786407767
1886,Chloroluma,1,5,20.0
1887,Bridgesia,1,10,10.0
1888,Echinolobivia,1,1,100.0
1889,Loureira,1,9,11.11111111111111
1977,Pseudocymopterus,1,23,4.3478260869565215
1891,Sinabraca,1,3,33.333333333333336
1892,Melanosinapis,1,5,20.0
1893,Mutarda,1,2,50.0
1894,Boerhavia,1,294,0.3401360544217687
1895,Farsetia,1,95,1.0526315789473684
1896,Columnea,1,434,0.2304147465437788
1897,Beilschmiedia,1,382,0.2617801047120419
1898,Aztekium,1,6,16.666666666666668
1867,Rhynchotechum,1,30,3.3333333333333335
1869,Fallopia,1,45,2.2222222222222223
1890,Rapa,1,4,25.0
1923,Cestrum,1,639,0.1564945226917058
1924,Cephalaria,1,235,0.425531914893617
1925,Arkezostis,1,64,1.5625
1926,Acanthonychia,1,5,20.0
1927,Fregirardia,1,15,6.666666666666667
1928,Bassovia,1,69,1.4492753623188406
1929,Capparis,1,866,0.11547344110854503
1930,Camphorata,1,12,8.333333333333334
1899,Bolax,1,28,3.5714285714285716
1900,Obione,1,314,0.3184713375796178
1912,Setirebutia,1,3,33.333333333333336
1902,Trineuria,1,13,7.6923076923076925
1903,Calophyllum,1,390,0.2564102564102564
1904,Anneslia,1,132,0.7575757575757576
1905,Lundia,1,47,2.127659574468085
1906,Lanzana,1,2,50.0
1907,Spondias,1,102,0.9803921568627451
1908,Rhysopterus,1,4,25.0
1909,Phellopterus,1,14,7.142857142857143
1910,Gymnorebutia,1,10,10.0
1911,Gymnantha,1,2,50.0
1901,Phaca,1,342,0.29239766081871343
2041,Muenchhusia,1,1,100.0
2042,Munchusia,1,2,50.0
2011,Onobrychis,1,767,0.1303780964797914
2012,Nymphozanthus,1,24,4.166666666666667
2013,Neptunia,1,47,2.127659574468085
2014,Dolia,1,29,3.4482758620689653
2015,Metasasa,1,3,33.333333333333336
2016,Tetraclis,1,4,25.0
2017,Ferreola,1,5,20.0
1868,Rhynchoglossum,1,29,3.4482758620689653
2019,Ligustrum,1,370,0.2702702702702703
2020,Chionanthus,1,273,0.3663003663003663
2021,Thlaspi,1,479,0.20876826722338204
2022,Aphanandrium,1,2,50.0
2023,Eriochiton,1,2,50.0
2024,Gaultheria,1,609,0.16420361247947454
2025,Hiraea,1,265,0.37735849056603776
2026,Guaiacum,1,26,3.8461538461538463
1995,Enkianthus,1,78,1.2820512820512822
1996,Endlicheria,1,86,1.1627906976744187
2018,Callitris,1,83,1.2048192771084338
2050,Richella,1,25,4.0
2052,Crepinia,1,69,1.4492753623188406
2053,Eriobotrya,1,82,1.2195121951219512
2054,Stranvaesia,1,34,2.9411764705882355
2055,Heteromeles,1,7,14.285714285714286
2056,Oncostylus,1,10,10.0
2057,Aronia,1,88,1.1363636363636365
2058,Hisingera,1,27,3.7037037037037037
2027,Hebradendron,1,7,14.285714285714286
2028,Ferula,1,466,0.2145922746781116
2040,Hippuris,1,29,3.4482758620689653
2030,Pleuropterus,1,8,12.5
2031,Tournefortia,1,345,0.2898550724637681
2032,Cnidone,1,2,50.0
2033,Aylostera,1,129,0.7751937984496124
2034,Nectandra,1,411,0.24330900243309003
2035,Connarus,1,307,0.3257328990228013
2036,Henckelia,1,244,0.4098360655737705
2037,Sanguisorba,1,349,0.28653295128939826
2038,Xanthium,1,175,0.5714285714285714
2039,Anil,1,305,0.32786885245901637
2029,Glandulicactus,1,7,14.285714285714286
1988,Velleruca,1,4,25.0
1989,Bombax,1,212,0.4716981132075472
1990,Rimacactus,1,2,50.0
1991,Eremogone,1,161,0.6211180124223602
1992,Eranthis,1,31,3.225806451612903
1993,Epithelantha,1,38,2.6315789473684212
1994,Cephalomamillaria,1,4,25.0
1963,Sophia,1,64,1.5625
1964,Miliusa,1,94,1.0638297872340425
1997,Moenchia,1,34,2.9411764705882355
1966,Olax,1,116,0.8620689655172413
1967,Dillenia,1,147,0.6802721088435374
1968,Peristrophe,1,100,1.0
1969,Dichapetalum,1,428,0.2336448598130841
1970,Desmanthus,1,99,1.0101010101010102
1971,Arceuthobium,1,121,0.8264462809917356
1972,Staphisagria,1,9,11.11111111111111
1973,Staphysagria,1,1,100.0
1974,Callopisma,1,6,16.666666666666668
1975,Sarothamnus,1,88,1.1363636363636365
1965,Kalawael,1,1,100.0
1998,Huanaca,1,13,7.6923076923076925
1999,Gardneria,1,17,5.882352941176471
2000,Oxygonum,1,86,1.1627906976744187
2001,Zehntnerella,1,5,20.0
2002,Belmontia,1,31,3.225806451612903
2003,Sycopsis,1,16,6.25
2004,Eulychnia,1,30,3.3333333333333335
2005,Turraea,1,170,0.5882352941176471
2006,Campylochnella,1,7,14.285714285714286
2007,Philomeda,1,2,50.0
1987,Raphanus,1,212,0.4716981132075472
2009,Platyopuntia,1,46,2.1739130434782608
2010,Jacobinia,1,93,1.075268817204301
1979,Cyclocarya,1,3,33.333333333333336
1980,Krynitzkia,1,104,0.9615384615384616
1981,Oreocarya,1,128,0.78125
1982,Cratylia,1,19,5.2631578947368425
1983,Nicotiana,1,410,0.24390243902439024
1984,Philippicereus,1,6,16.666666666666668
1985,Acmadenia,1,57,1.7543859649122806
1986,Erythrina,1,347,0.2881844380403458
2008,Phelipanche,1,101,0.9900990099009901
1785,Montbretia,1,44,2.272727272727273
1786,Romulea,1,418,0.23923444976076555
1755,Virchowia,1,2,50.0
1756,Luvunga,1,21,4.761904761904762
1757,Gnidia,1,340,0.29411764705882354
1758,Lasiodiscus,1,24,4.166666666666667
1759,Euparea,1,11,9.090909090909092
1760,Oreobroma,1,26,3.8461538461538463
1761,Aizopsis,1,23,4.3478260869565215
2051,Aconogonon,1,99,1.0101010101010102
1763,Cathartocarpus,1,25,4.0
1764,Sempervivella,1,6,16.666666666666668
1765,Utahia,1,3,33.333333333333336
1766,Ixoca,1,24,4.166666666666667
1767,Heliosperma,1,40,2.5
1768,Otites,1,50,2.0
1769,Malachia,1,3,33.333333333333336
1770,Sarcocornia,1,40,2.5
1739,Pachira,1,98,1.0204081632653061
1740,Camelinopsis,1,4,25.0
1762,Lysiosepalum,1,7,14.285714285714286
1796,Mascagnia,1,206,0.4854368932038835
1797,Lasianthemum,1,3,33.333333333333336
1798,Ectozoma,1,3,33.333333333333336
1799,Melhania,1,128,0.78125
1800,Clementsia,1,3,33.333333333333336
1801,Buda,1,15,6.666666666666667
1802,Drymaria,1,176,0.5681818181818182
1771,Athamanta,1,130,0.7692307692307693
1772,Stenandriopsis,1,21,4.761904761904762
1784,Sisyrinchium,1,603,0.16583747927031509
1774,Senna,1,564,0.1773049645390071
1775,Streptanthella,1,3,33.333333333333336
1776,Smyrnium,1,45,2.2222222222222223
1777,Myristica,1,620,0.16129032258064516
1778,Rapanea,1,393,0.2544529262086514
1779,Morella,1,55,1.8181818181818181
1780,Cerothamnus,1,6,16.666666666666668
1781,Bovea,1,2,50.0
1782,Lindenbergia,1,37,2.7027027027027026
1783,Swartzia,1,367,0.2724795640326976
1773,Goldfussia,1,75,1.3333333333333333
1732,Uvaria,1,547,0.18281535648994515
1733,Terminalia,1,652,0.15337423312883436
1734,Fourraea,1,2,50.0
1735,Eriosema,1,386,0.25906735751295334
1736,Oerstedina,1,4,25.0
1737,Pseuderanthemum,1,222,0.45045045045045046
1738,Kimnachia,1,4,25.0
1707,Cuspa,1,1,100.0
1708,Cacao,1,7,14.285714285714286
1741,Amyris,1,151,0.6622516556291391
1710,Malva,1,667,0.14992503748125938
1711,Tetragonolobus,1,40,2.5
1712,Echiostachys,1,4,25.0
1713,Lepidagathis,1,259,0.3861003861003861
1714,Tragium,1,27,3.7037037037037037
1715,Helosciadium,1,63,1.5873015873015872
1716,Cercinia,1,7,14.285714285714286
1717,Cercanthemum,1,13,7.6923076923076925
1718,Hannoa,1,9,11.11111111111111
1719,Xanthoxalis,1,84,1.1904761904761905
1709,Montiopsis,1,22,4.545454545454546
1742,Polyosma,1,118,0.847457627118644
1743,Kohlrauschia,1,13,7.6923076923076925
1744,Pseudobarleria,1,29,3.4482758620689653
1745,Waria,1,2,50.0
1746,Priestleya,1,53,1.8867924528301887
1747,Stenodraba,1,23,4.3478260869565215
1748,Mellissia,1,2,50.0
1749,Ulmarronia,1,9,11.11111111111111
1750,Callicysthus,1,2,50.0
1751,Dennettia,1,2,50.0
1731,Tetragonia,1,109,0.9174311926605505
1753,Mollinedia,1,167,0.5988023952095808
1754,Ilysanthes,1,94,1.0638297872340425
1723,Schweinitzia,1,4,25.0
1724,Mimosopsis,1,27,3.7037037037037037
1725,Turukhania,1,4,25.0
1726,Trigonella,1,486,0.205761316872428
1727,Melilotoides,1,38,2.6315789473684212
1728,Melissitus,1,60,1.6666666666666667
1729,Leucadendron,1,295,0.3389830508474576
1730,Anisostigma,1,2,50.0
1752,Tessmannia,1,22,4.545454545454546
1860,Meyenia,1,13,7.6923076923076925
1861,Trochocarpa,1,29,3.4482758620689653
1862,Diplotaxis,1,313,0.3194888178913738
1863,Toumeya,1,17,5.882352941176471
1864,Lodia,1,2,50.0
1865,Tuberaria,1,114,0.8771929824561403
1866,Chelone,1,86,1.1627906976744187
1835,Hosta,1,270,0.37037037037037035
1836,Urtica,1,797,0.12547051442910917
1795,Triumfetta,1,439,0.22779043280182232
1838,Margotia,1,3,33.333333333333336
1839,Gonopyrum,1,4,25.0
1840,Drimys,1,141,0.7092198581560284
1841,Roupala,1,202,0.49504950495049505
1842,Cyminosma,1,7,14.285714285714286
1843,Acharagma,1,6,16.666666666666668
1844,Dodecatheon,1,201,0.4975124378109453
1845,Halimolobos,1,46,2.1739130434782608
1846,Stigmaphyllon,1,247,0.4048582995951417
1847,Asterocephalus,1,116,0.8620689655172413
1837,Tetrastemma,1,6,16.666666666666668
1870,Rotala,1,147,0.6802721088435374
1871,Stephanocereus,1,3,33.333333333333336
1872,Pierrebraunia,1,4,25.0
1873,Parryodes,1,2,50.0
1874,Lemphoria,1,2,50.0
1875,Enantia,1,14,7.142857142857143
1876,Nothocissus,1,7,14.285714285714286
1877,Alyogyne,1,9,11.11111111111111
1878,Cobananthus,1,2,50.0
1879,Aldina,1,28,3.5714285714285716
1859,Distichoselinum,1,2,50.0
1881,Milnea,1,20,5.0
1882,Aureolaria,1,62,1.6129032258064515
1851,Saul,1,3,33.333333333333336
1852,Pentacme,1,12,8.333333333333334
1853,Saraca,1,35,2.857142857142857
1854,Scaevola,1,285,0.3508771929824561
1855,Ragala,1,5,20.0
1856,Martiusella,1,4,25.0
1857,Phyllotaenium,1,4,25.0
1858,Trias,1,35,2.857142857142857
1880,Walsura,1,58,1.7241379310344827
1807,Glycosmis,1,179,0.5586592178770949
1808,Bonarota,1,3,33.333333333333336
1809,Pentaphragma,1,48,2.0833333333333335
1810,Francfleurya,1,4,25.0
1811,Steffensia,1,64,1.5625
1812,Artanthe,1,318,0.31446540880503143
1813,Acrocarpidium,1,25,4.0
1814,Pyrenaria,1,71,1.408450704225352
1815,Tutcheria,1,36,2.7777777777777777
1848,Anthoshorea,1,2,50.0
1817,Vitis,1,1178,0.08488964346349745
1818,Afrohybanthus,1,21,4.761904761904762
1787,Ixia,1,477,0.20964360587002095
1788,Syrianthus,1,6,16.666666666666668
1789,Tricyrtis,1,87,1.1494252873563218
1790,Ludovia,1,13,7.6923076923076925
1791,Thysanotus,1,92,1.0869565217391304
1792,Suaeda,1,282,0.3546099290780142
1793,Russelia,1,91,1.098901098901099
1794,Vandellia,1,153,0.6535947712418301
1816,Grajalesia,1,3,33.333333333333336
1849,Richetia,1,6,16.666666666666668
1850,Doona,1,18,5.555555555555555
1819,Gordonia,1,126,0.7936507936507936
1820,Polyspora,1,60,1.6666666666666667
1821,Strombocarpa,1,9,11.11111111111111
1822,Bembicidium,1,2,50.0
1823,Pterocarpus,1,252,0.3968253968253968
1824,Reevesia,1,38,2.6315789473684212
1825,Dircaea,1,20,5.0
1826,Gesneria,1,383,0.26109660574412535
1806,Altamiranoa,1,44,2.272727272727273
1828,Hieronymusia,1,2,50.0
1829,Sarracenia,1,194,0.5154639175257731
1830,Clompanus,1,100,1.0
1831,Schizanthus,1,65,1.5384615384615385
1832,Ligustrina,1,13,7.6923076923076925
1833,Syringa,1,305,0.32786885245901637
1834,Jasminum,1,800,0.125
1803,Arthrocnemum,1,56,1.7857142857142858
1804,Condaliopsis,1,9,11.11111111111111
1805,Zaleya,1,13,7.6923076923076925
1827,Chodaphyton,1,2,50.0
2295,Icicopsis,1,10,10.0
2296,Protium,1,284,0.352112676056338
2297,Tingulonga,1,49,2.0408163265306123
2298,Bargemontia,1,29,3.4482758620689653
2267,Typhoides,1,7,14.285714285714286
2268,Nicoteba,1,8,12.5
2269,Cogswellia,1,106,0.9433962264150944
2270,Limnosciadium,1,3,33.333333333333336
2271,Oenanthe,1,253,0.3952569169960474
2219,Astrocarpa,1,36,2.7777777777777777
2273,Fusifilum,1,21,4.761904761904762
2274,Calpidisca,1,12,8.333333333333334
2275,Argyreia,1,244,0.4098360655737705
2276,Nipponocalamus,1,96,1.0416666666666667
2277,Oplismenus,1,195,0.5128205128205128
2278,Brizopyrum,1,34,2.9411764705882355
2279,Carludovica,1,107,0.9345794392523364
2280,Salmia,1,23,4.3478260869565215
2281,Draco,1,49,2.0408163265306123
2282,Eliokarmos,1,42,2.380952380952381
2272,Physodia,1,5,20.0
2306,Drepanostachyum,1,41,2.4390243902439024
2307,Dinochloa,1,65,1.5384615384615385
2308,Chrysurus,1,11,9.090909090909092
2309,Cynodon,1,140,0.7142857142857143
2310,Schizostachyum,1,136,0.7352941176470589
2311,Critesion,1,52,1.9230769230769231
2312,Panicularia,1,68,1.4705882352941178
2313,Aeginetia,1,36,2.7777777777777777
2314,Phragmanthera,1,51,1.9607843137254901
2294,Neogymnantha,1,3,33.333333333333336
2284,Acosmium,1,23,4.3478260869565215
2285,Pterodon,1,6,16.666666666666668
2286,Pennantia,1,7,14.285714285714286
2287,Visenia,1,32,3.125
2288,Melochia,1,259,0.3861003861003861
2289,Craspedostoma,1,6,16.666666666666668
2290,Sclerocactus,1,75,1.3333333333333333
2291,Uvariopsis,1,23,4.3478260869565215
2292,Thermopsis,1,108,0.9259259259259259
2293,Thermia,1,6,16.666666666666668
2283,Tapinanthus,1,290,0.3448275862068966
2242,Orthandra,1,12,8.333333333333334
2243,Orthopichonia,1,12,8.333333333333334
2244,Listrostachys,1,104,0.9615384615384616
2245,Landolphia,1,196,0.5102040816326531
2246,Pleione,1,165,0.6060606060606061
2247,Jejosephia,1,2,50.0
2248,Lesliegraecum,1,22,4.545454545454546
2249,Lemurangis,1,10,10.0
2250,Herorchis,1,35,2.857142857142857
2251,Rhaponticum,1,76,1.3157894736842106
2220,Olmedia,1,31,3.225806451612903
2221,Pityrogramma,1,122,0.819672131147541
2222,Urostachys,1,409,0.24449877750611246
2223,Tutuca,1,3,33.333333333333336
2224,Astilbe,1,139,0.7194244604316546
2225,Stenactis,1,26,3.8461538461538463
2226,Chamaepeuce,1,33,3.0303030303030303
2227,Ptarmica,1,92,1.0869565217391304
2228,Hierophyllus,1,2,50.0
2229,Sieglingia,1,57,1.7543859649122806
1720,Odontarrhena,1,131,0.7633587786259542
2252,Allantodia,1,142,0.704225352112676
2253,Nemochloa,1,16,6.25
2254,Prosthechea,1,159,0.6289308176100629
2255,Restrepiopsis,1,22,4.545454545454546
2256,Canistrum,1,45,2.2222222222222223
2257,Chamaedrys,1,23,4.3478260869565215
2258,Sertifera,1,12,8.333333333333334
2259,Scholtzia,1,51,1.9607843137254901
2260,Boriskellera,1,2,50.0
2261,Falona,1,6,16.666666666666668
2241,Maxillaria,1,1113,0.08984725965858041
2263,Lasiagrostis,1,26,3.8461538461538463
2264,Sasa,1,695,0.14388489208633093
2265,Trisetum,1,614,0.16286644951140064
2266,Baldingera,1,10,10.0
2235,Pharbitis,1,86,1.1627906976744187
2236,Burmannia,1,138,0.7246376811594203
2237,Ptychosperma,1,126,0.7936507936507936
2238,Diplodium,1,70,1.4285714285714286
2239,Cephaelis,1,292,0.3424657534246575
2240,Pygmaeopremna,1,8,12.5
2262,Trisetaria,1,78,1.2820512820512822
2370,Epithymum,1,8,12.5
2371,Quamoclit,1,67,1.492537313432836
2372,Breweria,1,88,1.1363636363636365
2373,Palicourea,1,964,0.1037344398340249
2374,Oribasia,1,7,14.285714285714286
2375,Hydrochloa,1,13,7.6923076923076925
2376,Trachypogon,1,82,1.2195121951219512
2377,Heteropogon,1,70,1.4285714285714286
2385,Pectocarya,1,34,2.9411764705882355
2305,Sinarundinaria,1,83,1.2048192771084338
2348,Callitropsis,1,23,4.3478260869565215
2349,Najas,1,212,0.4716981132075472
2350,Sarcosiphon,1,9,11.11111111111111
2351,Ovidia,1,10,10.0
2352,Trithyrocarpus,1,5,20.0
2353,Bulbostylis,1,457,0.2188183807439825
2354,Abildgaardia,1,145,0.6896551724137931
2355,Clerodendrum,1,979,0.10214504596527069
2356,Volkameria,1,66,1.5151515151515151
2357,Isanthus,1,7,14.285714285714286
2347,Platycyparis,1,2,50.0
2380,Dasiphora,1,48,2.0833333333333335
2381,Armeniaca,1,102,0.9803921568627451
2382,Turrita,1,15,6.666666666666667
2383,Maquira,1,11,9.090909090909092
2400,Cephalosphaera,1,2,50.0
2401,Hydrostemma,1,4,25.0
2402,Tinus,1,213,0.4694835680751174
2403,Amoora,1,81,1.2345679012345678
2404,Sticherus,1,164,0.6097560975609756
2405,Hirculus,1,78,1.2820512820512822
2369,Goeppertia,1,294,0.3401360544217687
2407,Psammogonum,1,3,33.333333333333336
2408,Chavica,1,81,1.2345679012345678
2409,Exochaenium,1,35,2.857142857142857
2387,Staphidium,1,58,1.7241379310344827
2388,Parthenocissus,1,79,1.2658227848101267
2364,Clitoria,1,239,0.41841004184100417
2365,Sebaea,1,184,0.5434782608695652
2366,Campylandra,1,28,3.5714285714285716
2367,Rohdea,1,47,2.127659574468085
2368,Antitoxicum,1,35,2.857142857142857
2406,Sedopsis,1,7,14.285714285714286
2317,Trimorpha,1,51,1.9607843137254901
2318,Iranecio,1,24,4.166666666666667
2319,Kalbfussia,1,14,7.142857142857143
2320,Cichorium,1,86,1.1627906976744187
2321,Lappa,1,59,1.694915254237288
2322,Macledium,1,30,3.3333333333333335
2323,Sonerila,1,315,0.31746031746031744
2324,Phanera,1,286,0.34965034965034963
2325,Caesalpinia,1,433,0.23094688221709006
2358,Thrixspermum,1,295,0.3389830508474576
2327,Hippochaete,1,48,2.0833333333333335
2328,Iozoste,1,56,1.7857142857142858
2329,Actinodaphne,1,204,0.49019607843137253
2330,Sapranthus,1,18,5.555555555555555
2299,Freziera,1,116,0.8620689655172413
2300,Cumulopuntia,1,47,2.127659574468085
2301,Burdachia,1,18,5.555555555555555
2302,Carum,1,287,0.34843205574912894
2303,Boechera,1,161,0.6211180124223602
2304,Oryza,1,434,0.2304147465437788
2326,Dynamidium,1,20,5.0
2359,Stereochilus,1,12,8.333333333333334
2360,Gyrostachys,1,122,0.819672131147541
2361,Tainia,1,110,0.9090909090909091
2362,Acanthopanax,1,130,0.7692307692307693
2331,Eleutherococcus,1,114,0.8771929824561403
2332,Corybas,1,176,0.5681818181818182
2333,Chloraea,1,171,0.5847953216374269
2334,Stegostyla,1,20,5.0
2335,Rhytionanthos,1,16,6.25
2336,Aalius,1,21,4.761904761904762
2316,Ageratum,1,181,0.5524861878453039
2338,Rhodax,1,52,1.9230769230769231
2339,Clarkia,1,118,0.847457627118644
2340,Telanthera,1,140,0.7142857142857143
2341,Oreocharis,1,189,0.5291005291005291
2342,Dalea,1,621,0.1610305958132045
2343,Lytoneuron,1,19,5.2631578947368425
2344,Leptorumohra,1,13,7.6923076923076925
2345,Metaxya,1,7,14.285714285714286
2346,Haplopteris,1,46,2.1739130434782608
2315,Lavenia,1,22,4.545454545454546
2337,Hemianemia,1,46,2.1739130434782608
2115,Pulicaria,1,218,0.45871559633027525
2116,Triathera,1,7,14.285714285714286
2117,Bouteloua,1,163,0.6134969325153374
2118,Oxytenanthera,1,34,2.9411764705882355
2119,Acratherum,1,4,25.0
2120,Salmasia,1,14,7.142857142857143
2121,Marginatocereus,1,3,33.333333333333336
2122,Eucarpha,1,1,100.0
2091,Phellosperma,1,6,16.666666666666668
2230,Tricuspis,1,30,3.3333333333333335
2093,Munychia,1,5,20.0
2094,Trichogyne,1,17,5.882352941176471
2095,Ifloga,1,36,2.7777777777777777
2096,Leontonyx,1,17,5.882352941176471
2097,Waitzia,1,52,1.9230769230769231
2098,Cyathopappus,1,4,25.0
2099,Bartschella,1,26,3.8461538461538463
2100,Laurus,1,457,0.2188183807439825
2101,Ledothamnus,1,18,5.555555555555555
2102,Echinospermum,1,160,0.625
2092,Mammilloydia,1,6,16.666666666666668
2125,Polychrysum,1,2,50.0
2126,Vogtia,1,3,33.333333333333336
2127,Frappieria,1,4,25.0
2128,Chlamydites,1,2,50.0
2129,Wardaster,1,2,50.0
2130,Homostylium,1,2,50.0
2131,Sinosidus,1,18,5.555555555555555
2132,Metamyriactis,1,7,14.285714285714286
2133,Tibetiodes,1,28,3.5714285714285716
2134,Griersonia,1,4,25.0
2114,Gaillardia,1,106,0.9433962264150944
2136,Geothamnus,1,2,50.0
2137,Iocenes,1,3,33.333333333333336
2138,Haplosticha,1,2,50.0
2107,Xeranthemum,1,92,1.0869565217391304
2108,Gorteria,1,59,1.694915254237288
2109,Arctanthemum,1,7,14.285714285714286
2110,Barroetea,1,10,10.0
2111,Viguiera,1,363,0.27548209366391185
2112,Aspilia,1,264,0.3787878787878788
2113,Helianthus,1,514,0.19455252918287938
2135,Iteroloba,1,2,50.0
2062,Cousinia,1,961,0.1040582726326743
2063,Lophiolepis,1,5,20.0
2064,Aldunatea,1,4,25.0
2065,Lycopersicon,1,109,0.9174311926605505
2066,Bourdaria,1,2,50.0
2067,Perilimnastes,1,3,33.333333333333336
2068,Osbeckia,1,266,0.37593984962406013
2069,Chaetostoma,1,45,2.2222222222222223
2070,Bredia,1,62,1.6129032258064515
2103,Lappula,1,291,0.3436426116838488
2072,Cremanium,1,64,1.5625
2073,Acinodendron,1,534,0.18726591760299627
2074,Astronidium,1,77,1.2987012987012987
2043,Argyrodendron,1,15,6.666666666666667
2044,Pygmaeocereus,1,8,12.5
2045,Odontostigma,1,4,25.0
2046,Gratiola,1,179,0.5586592178770949
2047,Cleistopholis,1,18,5.555555555555555
2048,Friesodielsia,1,65,1.5384615384615385
2049,Oxymitra,1,80,1.25
2071,Charianthus,1,31,3.225806451612903
2104,Calendula,1,180,0.5555555555555556
2105,Pentacalia,1,307,0.3257328990228013
2106,Ligularia,1,322,0.3105590062111801
2075,Astronia,1,144,0.6944444444444444
2076,Afroguatteria,1,4,25.0
2077,Colobium,1,8,12.5
2078,Stephanomeria,1,64,1.5625
2079,Launaea,1,137,0.7299270072992701
2080,Webbia,1,19,5.2631578947368425
2081,Grosvenoria,1,8,12.5
2061,Oehmea,1,3,33.333333333333336
2083,Ainsliaea,1,131,0.7633587786259542
2084,Microlonchus,1,28,3.5714285714285716
2085,Siccobaccatus,1,6,16.666666666666668
2086,Geocarpon,1,2,50.0
2087,Otosema,1,5,20.0
2088,Meiogyne,1,49,2.0408163265306123
2089,Cyathocalyx,1,54,1.8518518518518519
2090,Pogonospermum,1,3,33.333333333333336
2059,Taihangia,1,3,33.333333333333336
2060,Lindackeria,1,27,3.7037037037037037
2082,Acosta,1,160,0.625
2189,Lychnis,1,330,0.30303030303030304
2190,Seseli,1,463,0.2159827213822894
2191,Mnemion,1,24,4.166666666666667
2192,Nanophyton,1,16,6.25
2193,Aydendron,1,48,2.0833333333333335
2194,Misanteca,1,77,1.2987012987012987
2195,Licaria,1,119,0.8403361344537815
2196,Xamacrista,1,2,50.0
2197,Rhynchosia,1,675,0.14814814814814814
2124,Podocoma,1,21,4.761904761904762
2199,Valerianella,1,263,0.38022813688212925
2200,Masema,1,5,20.0
2201,Gynandropsis,1,47,2.127659574468085
2202,Thysanosoria,1,3,33.333333333333336
2171,Nomocharis,1,34,2.9411764705882355
2172,Paeonia,1,479,0.20876826722338204
2173,Renistipula,1,4,25.0
2174,Amsonia,1,59,1.694915254237288
2175,Ajuga,1,356,0.2808988764044944
2176,Usteria,1,14,7.142857142857143
2198,Fedia,1,153,0.6535947712418301
2231,Triodia,1,188,0.5319148936170213
2232,Uralepis,1,34,2.9411764705882355
2233,Tridentopsis,1,5,20.0
2234,Vandopsis,1,30,3.3333333333333335
2203,Conoria,1,2,50.0
2204,Asperula,1,730,0.136986301369863
2205,Thecophyllum,1,54,1.8518518518518519
2206,Hovenia,1,25,4.0
2207,Helleborus,1,233,0.4291845493562232
2208,Guarea,1,346,0.28901734104046245
2188,Adenoderris,1,4,25.0
2210,Eremophila,1,407,0.2457002457002457
2211,Bondtia,1,62,1.6129032258064515
2212,Epimedium,1,189,0.5291005291005291
2213,Bulliarda,1,25,4.0
2214,Alepidea,1,83,1.2048192771084338
2215,Diosma,1,270,0.37037037037037035
2216,Abelmoschus,1,117,0.8547008547008547
2217,Logania,1,72,1.3888888888888888
2218,Leonohebe,1,40,2.5
2187,Hiya,1,5,20.0
2209,Leptosiphon,1,62,1.6129032258064515
2168,Cottsia,1,5,20.0
2169,Fimbriaria,1,5,20.0
2170,Thylacanthus,1,3,33.333333333333336
2139,Trilisa,1,6,16.666666666666668
2140,Hulteniella,1,2,50.0
2141,Mecosorus,1,9,11.11111111111111
2142,Pachypleuria,1,27,3.7037037037037037
2143,Humata,1,121,0.8264462809917356
2144,Elaphoglossum,1,1161,0.08613264427217916
2177,Alsinastrum,1,10,10.0
2146,Phyllitis,1,41,2.4390243902439024
2147,Coryphopteris,1,82,1.2195121951219512
2148,Litobrochia,1,118,0.847457627118644
2149,Patania,1,11,9.090909090909092
2150,Myriotheca,1,7,14.285714285714286
2151,Aragallus,1,83,1.2048192771084338
2152,Avellara,1,2,50.0
2153,Berkheyopsis,1,15,6.666666666666667
2154,Laphangium,1,4,25.0
2123,Leysera,1,25,4.0
2145,Monochlaena,1,4,25.0
2178,Rhodostegiella,1,3,33.333333333333336
2179,Amblystigma,1,9,11.11111111111111
2180,Amphistelma,1,23,4.3478260869565215
2181,Tassadia,1,55,1.8181818181818181
2182,Pseudosarcolobus,1,2,50.0
2183,Sarcostemma,1,120,0.8333333333333334
2184,Miscanthus,1,131,0.7633587786259542
2185,Beauverdia,1,17,5.882352941176471
2186,Ipheion,1,32,3.125
2155,Eucephalus,1,28,3.5714285714285716
2167,Schwannia,1,11,9.090909090909092
2157,Polydictyum,1,7,14.285714285714286
2158,Cardiochlaena,1,19,5.2631578947368425
2159,Lomaridium,1,20,5.0
2160,Mesophlebion,1,21,4.761904761904762
2161,Mesoneuron,1,13,7.6923076923076925
2162,Nesopteris,1,7,14.285714285714286
2163,Microgonium,1,30,3.3333333333333335
2164,Marginaria,1,104,0.9615384615384616
2165,Hebecladus,1,17,5.882352941176471
2166,Jaltomata,1,80,1.25
2156,Xylothamia,1,11,9.090909090909092
1243,Rouxopteris,1,3,33.333333333333336
1244,Trichoneuron,1,2,50.0
1245,Cheiranthus,1,280,0.35714285714285715
1246,Salacia,1,573,0.17452006980802792
1247,Elaeodendron,1,150,0.6666666666666666
1248,Aceratium,1,38,2.6315789473684212
1249,Ganitrus,1,4,25.0
1250,Homalocephala,1,6,16.666666666666668
1251,Delosperma,1,205,0.4878048780487805
1519,Herpestis,1,132,0.7575757575757576
1253,Poecilopteris,1,42,2.380952380952381
1254,Myrciaria,1,159,0.6289308176100629
1255,Macrophloga,1,2,50.0
1256,Vonitra,1,7,14.285714285714286
1257,Myricaria,1,39,2.5641025641025643
1258,Spergula,1,234,0.42735042735042733
1227,Phlogella,1,2,50.0
1228,Dolicholobium,1,45,2.2222222222222223
1229,Campium,1,72,1.3888888888888888
1230,Lenbrassia,1,3,33.333333333333336
1252,Nesoris,1,2,50.0
1286,Alloplectus,1,150,0.6666666666666666
1287,Reseda,1,484,0.2066115702479339
1288,Actaea,1,125,0.8
1289,Corrigiola,1,51,1.9607843137254901
1290,Copiapoa,1,173,0.5780346820809249
1259,Tryphane,1,12,8.333333333333334
1260,Zygophyllum,1,333,0.3003003003003003
1261,Pulmonaria,1,162,0.6172839506172839
1262,Prangos,1,130,0.7692307692307693
1274,Abutilon,1,701,0.14265335235378032
1264,Oryxis,1,2,50.0
1265,Discocactus,1,110,0.9090909090909091
1266,Lepidamphora,1,2,50.0
1267,Babactes,1,3,33.333333333333336
1268,Desmos,1,77,1.2987012987012987
1269,Annona,1,366,0.273224043715847
1270,Pleurolobus,1,22,4.545454545454546
1271,Oxydium,1,2,50.0
1272,Aeschynomene,1,488,0.20491803278688525
1273,Bucholzia,1,20,5.0
1263,Cachrys,1,103,0.970873786407767
1222,Ctenitopsis,1,28,3.5714285714285716
1223,Dryopsis,1,29,3.4482758620689653
1224,Dryoathyrium,1,24,4.166666666666667
1225,Neodypsis,1,17,5.882352941176471
1226,Antongilia,1,2,50.0
1195,Cryptorchis,1,2,50.0
1196,Sarcochilus,1,256,0.390625
1197,Syngonium,1,79,1.2658227848101267
1198,Gymnostillingia,1,4,25.0
1231,Hammatocaulis,1,2,50.0
1200,Jordania,1,3,33.333333333333336
1201,Asimina,1,42,2.380952380952381
1202,Sorema,1,15,6.666666666666667
1203,Paropyrum,1,2,50.0
1204,Cubelium,1,4,25.0
1205,Neisandra,1,2,50.0
1206,Prinos,1,57,1.7543859649122806
1207,Hemistemma,1,13,7.6923076923076925
1208,Heuchera,1,250,0.4
1209,Lacosteopsis,1,14,7.142857142857143
1199,Ibidium,1,31,3.225806451612903
1232,Uloptera,1,2,50.0
1233,Siphonidium,1,2,50.0
1234,Anagosperma,1,2,50.0
1235,Esterhazya,1,17,5.882352941176471
1236,Erythroxylum,1,566,0.17667844522968199
1237,Pseudotectaria,1,9,11.11111111111111
1238,Parablechnum,1,72,1.3888888888888888
1239,Lomariocycas,1,21,4.761904761904762
1240,Dictyogramme,1,21,4.761904761904762
1241,Hosackia,1,130,0.7692307692307693
1221,Pyrrosia,1,157,0.6369426751592356
1211,Micropuntia,1,10,10.0
1212,Goniothalamus,1,205,0.4878048780487805
1213,Muellerolimon,1,2,50.0
1214,Robertium,1,11,9.090909090909092
1215,Gentianopsis,1,65,1.5384615384615385
1216,Gelsemium,1,9,11.11111111111111
1217,Rhinostigma,1,3,33.333333333333336
1218,Bonplandia,1,16,6.25
1219,Polyphlebium,1,16,6.25
1220,Microtrichomanes,1,14,7.142857142857143
1242,Haloragis,1,204,0.49019607843137253
1350,Borzicactella,1,4,25.0
1351,Cephalocleistocactus,1,5,20.0
1352,Univiscidiatus,1,16,6.25
1353,Ceratogynum,1,3,33.333333333333336
1354,Foersteria,1,1,100.0
1323,Acianthella,1,8,12.5
1324,Acanthophippium,1,26,3.8461538461538463
1325,Oreoxis,1,7,14.285714285714286
1326,Cebatha,1,22,4.545454545454546
1285,Uvedalia,1,6,16.666666666666668
1328,Hesperochloa,1,3,33.333333333333336
1329,Diomma,1,3,33.333333333333336
1330,Bunchosia,1,164,0.6097560975609756
1331,Scolopendrium,1,54,1.8518518518518519
1332,Liatris,1,214,0.4672897196261682
1333,Chaetocrater,1,6,16.666666666666668
1334,Hymenolobus,1,20,5.0
1335,Fumaria,1,536,0.1865671641791045
1336,Bubon,1,40,2.5
1337,Balaka,1,26,3.8461538461538463
1327,Libanotis,1,132,0.7575757575757576
1360,Doerriena,1,2,50.0
1361,Sparrea,1,2,50.0
1362,Cayratia,1,105,0.9523809523809523
1363,Chupalon,1,32,3.125
1364,Pourretia,1,35,2.857142857142857
1365,Heterocalymnantha,1,2,50.0
1366,Forsteria,1,1,100.0
1367,Rhinerrhizopsis,1,5,20.0
1368,Adelia,1,77,1.2987012987012987
1369,Daphniphyllum,1,139,0.7194244604316546
1349,Neolloydia,1,62,1.6129032258064515
1339,Aucuba,1,86,1.1627906976744187
1340,Maximiliana,1,19,5.2631578947368425
1341,Arum,1,423,0.2364066193853428
1342,Argostemma,1,270,0.37037037037037035
1343,Cynopaema,1,4,25.0
1344,Gynopogon,1,42,2.380952380952381
1345,Selinum,1,288,0.3472222222222222
1346,Poivrea,1,49,2.0408163265306123
1347,Colubrina,1,141,0.7092198581560284
1348,Ortegocactus,1,2,50.0
1370,Pergamena,1,2,50.0
1297,Hemiperis,1,22,4.545454545454546
1298,Lorencea,1,2,50.0
1299,Pistolochia,1,84,1.1904761904761905
1300,Lipara,1,2,50.0
1301,Chilianthus,1,7,14.285714285714286
1302,Blackstonia,1,26,3.8461538461538463
1303,Bistorta,1,143,0.6993006993006993
1304,Bergenia,1,51,1.9607843137254901
1305,Hildmannia,1,22,4.545454545454546
1338,Codonura,1,2,50.0
1275,Itea,1,61,1.639344262295082
1276,Boehmeria,1,546,0.18315018315018314
1277,Pelargonium,1,1793,0.05577244841048522
1278,Dufrenoya,1,15,6.666666666666667
1279,Daphne,1,634,0.15772870662460567
1280,Didymocarpus,1,441,0.22675736961451248
1281,Cucumis,1,580,0.1724137931034483
1282,Cryptospora,1,10,10.0
1283,Pseudocryptocarya,1,2,50.0
1284,Craterostigma,1,46,2.1739130434782608
1306,Monocera,1,42,2.380952380952381
1307,Echium,1,588,0.17006802721088435
1308,Arytera,1,56,1.7857142857142858
1309,Euphoria,1,57,1.7543859649122806
1310,Isopyrum,1,71,1.408450704225352
1311,Cryptandra,1,166,0.6024096385542169
1312,Thisantha,1,11,9.090909090909092
1313,Crantzia,1,59,1.694915254237288
1314,Hellwigia,1,2,50.0
1315,Eriolopha,1,12,8.333333333333334
1316,Cryptophoranthus,1,47,2.127659574468085
1296,Dactylorchis,1,126,0.7936507936507936
1318,Lazarum,1,2,50.0
1319,Schoenomorphus,1,2,50.0
1320,Tubella,1,81,1.2345679012345678
1321,Acianthopsis,1,23,4.3478260869565215
1322,Acianthus,1,54,1.8518518518518519
1291,Combesia,1,22,4.545454545454546
1292,Diodia,1,161,0.6211180124223602
1293,Deppeopsis,1,6,16.666666666666668
1294,Dendrochilum,1,401,0.24937655860349128
1295,Vappodes,1,9,11.11111111111111
1317,Metrosideros,1,283,0.35335689045936397
1094,Oxera,1,65,1.5384615384615385
1095,Clitandra,1,47,2.127659574468085
1096,Oreopanax,1,206,0.4854368932038835
1097,Anisolobus,1,29,3.4482758620689653
1098,Acanthoxanthium,1,4,25.0
1067,Nothomyrcia,1,3,33.333333333333336
1068,Microtoena,1,39,2.5641025641025643
1069,Adenostyles,1,63,1.5873015873015872
1070,Culcitium,1,62,1.6129032258064515
1210,Guioa,1,115,0.8695652173913043
1072,Cineraria,1,419,0.2386634844868735
1073,Hasteola,1,10,10.0
1074,Haplocarpha,1,22,4.545454545454546
1075,Arctotis,1,261,0.3831417624521073
1076,Thrincia,1,55,1.8181818181818181
1077,Hypochaeris,1,291,0.3436426116838488
1078,Picris,1,256,0.390625
1079,Helminthia,1,25,4.0
1080,Hyoseris,1,80,1.25
1081,Paragymnopteris,1,9,11.11111111111111
1071,Diplostephium,1,204,0.49019607843137253
1105,Dicoma,1,98,1.0204081632653061
1106,Bamlera,1,3,33.333333333333336
1107,Monochaetum,1,110,0.9090909090909091
1108,Cassebeeria,1,73,1.36986301369863
1109,Melastoma,1,806,0.12406947890818859
1110,Serjania,1,438,0.228310502283105
1111,Euscaphis,1,17,5.882352941176471
1112,Bauhinia,1,982,0.10183299389002037
1113,Lablab,1,31,3.225806451612903
1093,Epitrachys,1,26,3.8461538461538463
1083,Dichrocephala,1,37,2.7027027027027026
1084,Filago,1,239,0.41841004184100417
1085,Gnaphalion,1,2,50.0
1086,Cassinia,1,94,1.0638297872340425
1087,Lapsana,1,74,1.3513513513513513
1088,Agathyrsus,1,17,5.882352941176471
1089,Monosis,1,18,5.555555555555555
1090,Bothriocline,1,91,1.098901098901099
1091,Cyanopis,1,8,12.5
1092,Perezia,1,204,0.49019607843137253
1114,Correllia,1,2,50.0
1047,Sexilia,1,3,33.333333333333336
1048,Andreettaea,1,2,50.0
1049,Euchilus,1,9,11.11111111111111
1050,Corynandra,1,12,8.333333333333334
2386,Omphalodes,1,106,0.9433962264150944
2393,Cinnabarinea,1,9,11.11111111111111
2394,Malacocarpus,1,74,1.3513513513513513
2395,Leachia,1,14,7.142857142857143
2396,Hilliardiella,1,14,7.142857142857143
1082,Sericocarpus,1,24,4.166666666666667
2398,Chamaecrista,1,748,0.13368983957219252
2399,Centella,1,114,0.8771929824561403
2389,Bellardia,1,23,4.3478260869565215
2384,Santaloides,1,41,2.4390243902439024
2410,Chrysoxylon,1,6,16.666666666666668
2392,Tridimeris,1,4,25.0
2378,Anisantha,1,33,3.0303030303030303
2379,Desmodiastrum,1,6,16.666666666666668
2363,Gaudichaudia,1,87,1.1494252873563218
2391,Dela,1,1,100.0
2397,Fortunella,1,13,7.6923076923076925
1051,Uvifera,1,131,0.7633587786259542
1052,Wendlandia,1,178,0.5617977528089888
1053,Acanthocephala,1,3,33.333333333333336
1054,Dactylanthocactus,1,2,50.0
1055,Petalidium,1,58,1.7241379310344827
1056,Monotropsis,1,5,20.0
1057,Monteverdia,1,128,0.78125
1058,Gnomonia,1,7,14.285714285714286
1059,Eulaliopsis,1,5,20.0
1060,Ametron,1,3,33.333333333333336
1046,Galypola,1,2,50.0
1062,Trivalvaria,1,19,5.2631578947368425
1063,Harrisia,1,44,2.272727272727273
1064,Bremekampia,1,6,16.666666666666668
1065,Halocnemum,1,23,4.3478260869565215
1066,Notylia,1,110,0.9090909090909091
1041,Austrocylindropuntia,1,53,1.8867924528301887
1042,Carthamodes,1,9,11.11111111111111
1043,Tamala,1,9,11.11111111111111
1044,Zedoaria,1,1,100.0
1045,Leptosyne,1,23,4.3478260869565215
1061,Micromeles,1,80,1.25
1169,Sedobassia,1,2,50.0
1170,Equisetum,1,708,0.14124293785310735
1171,Lasiarrhenum,1,6,16.666666666666668
1172,Loasa,1,256,0.390625
1173,Clementea,1,3,33.333333333333336
1174,Prenanthella,1,2,50.0
1175,Uropappus,1,14,7.142857142857143
1176,Stebbinsoseris,1,3,33.333333333333336
1177,Hebenstretia,1,70,1.4285714285714286
1104,Balsamita,1,18,5.555555555555555
1147,Heracantha,1,6,16.666666666666668
1148,Phonus,1,6,16.666666666666668
1149,Parachionolaena,1,2,50.0
1150,Elachanthemum,1,4,25.0
1151,Anacis,1,3,33.333333333333336
1152,Galatella,1,125,0.8
1153,Abrotanum,1,18,5.555555555555555
1154,Scheutzia,1,3,33.333333333333336
1155,Tuckermannia,1,3,33.333333333333336
1156,Pappothrix,1,5,20.0
1178,Brachysorus,1,2,50.0
1179,Hymenasplenium,1,71,1.408450704225352
1180,Korthalsia,1,47,2.127659574468085
1181,Homalomena,1,291,0.3436426116838488
1182,Geophila,1,79,1.2658227848101267
1183,Gastrodia,1,134,0.746268656716418
1184,Bataprine,1,3,33.333333333333336
1185,Relbunium,1,89,1.1235955056179776
1186,Tithymalopsis,1,24,4.166666666666667
1187,Agaloma,1,32,3.125
1188,Dennstaedtia,1,148,0.6756756756756757
1168,Sabal,1,74,1.3513513513513513
1190,Schizaea,1,77,1.2987012987012987
1191,Microschizaea,1,9,11.11111111111111
1192,Hemitelia,1,219,0.45662100456621
1193,Didymotheca,1,10,10.0
1194,Ghinia,1,26,3.8461538461538463
1163,Betonica,1,139,0.7194244604316546
1164,Holtonia,1,2,50.0
1165,Diothonea,1,19,5.2631578947368425
1166,Orthechites,1,2,50.0
1167,Baeckea,1,168,0.5952380952380952
1189,Sphaeropteris,1,137,0.7299270072992701
1116,Notonia,1,41,2.4390243902439024
1117,Plectreca,1,2,50.0
1118,Clavigera,1,9,11.11111111111111
1119,Praxelis,1,30,3.3333333333333335
1120,Adenostemma,1,77,1.2987012987012987
1121,Mikania,1,858,0.11655011655011654
1122,Perityle,1,127,0.7874015748031497
1123,Unxia,1,13,7.6923076923076925
1124,Verbesina,1,617,0.1620745542949757
1157,Sideroxylon,1,461,0.21691973969631237
1126,Chrysostemma,1,4,25.0
1127,Epilepis,1,2,50.0
1128,Wedelia,1,401,0.24937655860349128
1129,Wulffia,1,27,3.7037037037037037
1130,Achroanthes,1,18,5.555555555555555
1099,Franseria,1,72,1.3888888888888888
1100,Enydra,1,19,5.2631578947368425
1101,Polycephalos,1,2,50.0
1102,Chiliadenus,1,15,6.666666666666667
1103,Plagius,1,11,9.090909090909092
1125,Agarista,1,70,1.4285714285714286
1158,Salpinctes,1,3,33.333333333333336
1159,Malouetia,1,62,1.6129032258064515
1160,Cameraria,1,23,4.3478260869565215
1161,Disphenia,1,7,14.285714285714286
1162,Paesia,1,22,4.545454545454546
1131,Cromapanax,1,2,50.0
1132,Birchea,1,2,50.0
1133,Leucas,1,353,0.28328611898017
1134,Lantana,1,565,0.17699115044247787
1135,Mollugo,1,149,0.6711409395973155
1115,Notoniopsis,1,10,10.0
1137,Chrysophyllum,1,411,0.24330900243309003
1138,Pinellia,1,32,3.125
1139,Biermannia,1,43,2.3255813953488373
1140,Robinia,1,283,0.35335689045936397
1141,Galinsogeopsis,1,2,50.0
1142,Monothrix,1,9,11.11111111111111
1143,Leptopharynx,1,13,7.6923076923076925
1144,Nesothamnus,1,2,50.0
1145,Nothocalais,1,6,16.666666666666668
1146,Femeniasia,1,3,33.333333333333336
1136,Onychium,1,67,1.492537313432836
1604,Arthraxon,1,168,0.5952380952380952
1605,Embryopteris,1,10,10.0
1606,Laurentia,1,82,1.2195121951219512
1607,Diastatea,1,16,6.25
1608,Meconopsis,1,228,0.43859649122807015
1609,Plokiostigma,1,2,50.0
1610,Devillea,1,6,16.666666666666668
1579,Strailia,1,1,100.0
1580,Duthiea,1,10,10.0
1359,Cryphaea,1,2,50.0
1582,Caulinia,1,54,1.8518518518518519
1583,Fritillaria,1,600,0.16666666666666666
1584,Henningia,1,38,2.6315789473684212
1585,Colchicum,1,468,0.21367521367521367
1586,Calochortus,1,225,0.4444444444444444
1587,Coetocapnia,1,2,50.0
1588,Verapazia,1,6,16.666666666666668
1589,Gnetum,1,131,0.7633587786259542
1590,Vieusseuxia,1,48,2.0833333333333335
1591,Adenocalymma,1,179,0.5586592178770949
1581,Zostera,1,65,1.5384615384615385
1615,Pisonia,1,251,0.398406374501992
1616,Burmeistera,1,181,0.5524861878453039
1617,Licania,1,351,0.2849002849002849
1618,Trimeris,1,3,33.333333333333336
1619,Muscarella,1,58,1.7241379310344827
1620,Phyllostylon,1,4,25.0
1621,Sucrea,1,4,25.0
1622,Pogonatherum,1,24,4.166666666666667
1623,Pariana,1,58,1.7241379310344827
1603,Setilobus,1,7,14.285714285714286
1625,Piptochaetium,1,84,1.1904761904761905
1626,Oryzopsis,1,161,0.6211180124223602
1595,Sloanea,1,337,0.29673590504451036
1596,Alcea,1,156,0.6410256410256411
1597,Tulipa,1,582,0.1718213058419244
1598,Autonoe,1,7,14.285714285714286
1599,Miersia,1,15,6.666666666666667
1600,Ledebouria,1,100,1.0
1601,Chaetospora,1,97,1.0309278350515463
1602,Heleogiton,1,11,9.090909090909092
1624,Ophiuros,1,32,3.125
1551,Chamissoniophila,1,3,33.333333333333336
1552,Anchusa,1,355,0.28169014084507044
1553,Eustylis,1,9,11.11111111111111
1554,Lathriogyna,1,4,25.0
1555,Amphithalea,1,64,1.5625
1556,Ammannia,1,318,0.31446540880503143
1557,Alternanthera,1,471,0.21231422505307856
1558,Tribonanthes,1,15,6.666666666666667
1559,Manfreda,1,51,1.9607843137254901
1592,Arthrosamanea,1,18,5.555555555555555
1561,Bravoa,1,10,10.0
1562,Runyonia,1,2,50.0
1531,Maranta,1,295,0.3389830508474576
1532,Michelia,1,234,0.42735042735042733
1533,Baumea,1,42,2.380952380952381
1534,Chapelliera,1,10,10.0
1535,Machaerina,1,111,0.9009009009009009
1536,Hedychium,1,189,0.5291005291005291
1537,Hechtia,1,108,0.9259259259259259
1538,Niveophyllum,1,2,50.0
1560,Leichtlinia,1,3,33.333333333333336
1593,Pseudalbizzia,1,2,50.0
1594,Catocoma,1,12,8.333333333333334
1563,Robynsia,1,7,14.285714285714286
1564,Pseudobravoa,1,2,50.0
1565,Allibertia,1,2,50.0
1566,Prochnyanthes,1,4,25.0
1567,Tuberosa,1,2,50.0
1568,Zetocapnia,1,2,50.0
1569,Pothos,1,261,0.3831417624521073
1570,Sarcoyucca,1,14,7.142857142857143
1550,Antiphytum,1,23,4.3478260869565215
1572,Bignonia,1,604,0.16556291390728478
1573,Arrabidaea,1,223,0.4484304932735426
1574,Stereospermum,1,64,1.5625
1575,Sapucaya,1,2,50.0
1576,Pachylecythis,1,2,50.0
1577,Cercophora,1,2,50.0
1578,Holopyxidium,1,4,25.0
1547,Xerotes,1,79,1.2658227848101267
1548,Amomum,1,485,0.20618556701030927
1549,Discopodium,1,11,9.090909090909092
1571,Talbotia,1,4,25.0
1679,Urostephanus,1,2,50.0
1680,Poicillopsis,1,7,14.285714285714286
1681,Petopentia,1,3,33.333333333333336
1682,Hoya,1,867,0.11534025374855825
1683,Acanthus,1,122,0.819672131147541
1684,Acanthorhipsalis,1,13,7.6923076923076925
1685,Systemonodaphne,1,4,25.0
1686,Rhytiglossa,1,99,1.0101010101010102
1687,Palustricodon,1,3,33.333333333333336
1614,Phytolacca,1,100,1.0
1689,Merwilla,1,8,12.5
1690,Senegaria,1,1,100.0
1659,Broughtonia,1,27,3.7037037037037037
1660,Nonatelia,1,113,0.8849557522123894
1661,Abies,1,724,0.13812154696132597
1662,Leochilus,1,35,2.857142857142857
1663,Wasatchia,1,2,50.0
1664,Argillochloa,1,2,50.0
1665,Leucopoa,1,24,4.166666666666667
1666,Themeda,1,113,0.8849557522123894
1688,Tupistra,1,76,1.3157894736842106
1721,Odontonema,1,67,1.492537313432836
1722,Nanocnide,1,7,14.285714285714286
1691,Anthalogea,1,3,33.333333333333336
1692,Pylostachya,1,3,33.333333333333336
1693,Corymbula,1,1,100.0
1694,Anonychium,1,2,50.0
1695,Mitostax,1,2,50.0
1696,Neltuma,1,15,6.666666666666667
1697,Sopropis,1,2,50.0
1698,Medicago,1,1247,0.08019246190858059
1678,Dictyanthus,1,22,4.545454545454546
1700,Microstigma,1,7,14.285714285714286
1701,Sassafras,1,22,4.545454545454546
1702,Sweetia,1,35,2.857142857142857
1703,Commilobium,1,4,25.0
1704,Plectomirtha,1,2,50.0
1705,Spirolobium,1,4,25.0
1706,Alsodeia,1,179,0.5586592178770949
1675,Oxypetalum,1,297,0.3367003367003367
1676,Trichosacme,1,2,50.0
1677,Chthamalia,1,9,11.11111111111111
1699,Antimima,1,113,0.8849557522123894
1658,Dactylis,1,316,0.31645569620253167
1627,Nicoraella,1,8,12.5
1628,Lophopogon,1,8,12.5
1629,Iseilema,1,35,2.857142857142857
1630,Hymenachne,1,46,2.1739130434782608
1631,Cryptopyrum,1,2,50.0
1632,Crithopyrum,1,2,50.0
1633,Syntherisma,1,90,1.1111111111111112
1634,Pentameris,1,138,0.7246376811594203
1667,Aridarum,1,32,3.125
1636,Thamnocalamus,1,35,2.857142857142857
1637,Scolochloa,1,9,11.11111111111111
1638,Coelorachis,1,41,2.4390243902439024
1639,Poarion,1,1,100.0
1640,Aegialitis,1,7,14.285714285714286
1641,Raimundochloa,1,2,50.0
1642,Aegialina,1,2,50.0
1611,Zoroxus,1,1,100.0
1612,Badiera,1,24,4.166666666666667
1613,Pilostaxis,1,8,12.5
1635,Serrafalcus,1,89,1.1235955056179776
1668,Queltia,1,36,2.7777777777777777
1669,Arnottia,1,5,20.0
1670,Spartothamnus,1,6,16.666666666666668
1671,Raphistemma,1,5,20.0
1672,Secamone,1,232,0.43103448275862066
1673,Toxocarpus,1,86,1.1627906976744187
1674,Pentagonium,1,2,50.0
1643,Telotia,1,2,50.0
1644,Albuca,1,276,0.36231884057971014
1645,Ornithogalum,1,984,0.1016260162601626
1657,Deschampsia,1,426,0.2347417840375587
1647,Pleomele,1,121,0.8264462809917356
1648,Chlorophytum,1,524,0.19083969465648856
1649,Behria,1,2,50.0
1650,Alstroemeria,1,379,0.2638522427440633
1651,Prainea,1,12,8.333333333333334
1652,Ceropegia,1,1278,0.0782472613458529
1653,Asclepiodora,1,10,10.0
1654,Odontostephana,1,8,12.5
1655,Calathea,1,435,0.22988505747126436
1656,Cuscuta,1,884,0.11312217194570136
1646,Indurgia,1,11,9.090909090909092
1424,Andrachne,1,108,0.9259259259259259
1425,Hybochilus,1,4,25.0
1426,Mercurialis,1,123,0.8130081300813008
1427,Leidesia,1,8,12.5
1428,Zornia,1,233,0.4291845493562232
1429,Ixora,1,1099,0.09099181073703366
1430,Rabdosia,1,190,0.5263157894736842
1431,Homalopetalum,1,13,7.6923076923076925
1432,Mitozus,1,21,4.761904761904762
1539,Bakeria,1,7,14.285714285714286
1434,Urechites,1,14,7.142857142857143
1403,Lobocarpus,1,2,50.0
1404,Episteira,1,2,50.0
1405,Gynoon,1,7,14.285714285714286
1406,Coccoglochidion,1,2,50.0
1407,Glochisandra,1,2,50.0
1408,Bradleia,1,43,2.3255813953488373
1409,Glochidionopsis,1,2,50.0
1410,Zarcoa,1,2,50.0
1411,Agyneia,1,32,3.125
1433,Angadenia,1,29,3.4482758620689653
1466,Sobralia,1,235,0.425531914893617
1435,Peteniodendron,1,7,14.285714285714286
1436,Lucuma,1,202,0.49504950495049505
1437,Hoffmannia,1,188,0.5319148936170213
1438,Nervilia,1,146,0.684931506849315
1439,Adenocalyx,1,2,50.0
1440,Bonduc,1,4,25.0
1441,Tetrapodenia,1,2,50.0
1442,Restrepiella,1,19,5.2631578947368425
1443,Ptilanthelium,1,4,25.0
1423,Leptospermopsis,1,2,50.0
1445,Nidularium,1,182,0.5494505494505495
1446,Floscopa,1,55,1.8181818181818181
1447,Mortolopuntia,1,2,50.0
1448,Pseudolabatia,1,8,12.5
1449,Richardella,1,32,3.125
1450,Gayella,1,3,33.333333333333336
1419,Hylaeorchis,1,2,50.0
1420,Abebaia,1,2,50.0
1421,Mandevilla,1,272,0.36764705882352944
1422,Blepharoglossum,1,39,2.5641025641025643
1444,Navia,1,124,0.8064516129032258
1371,Cyrtopodium,1,114,0.8771929824561403
1372,Veillonia,1,2,50.0
1373,Campecarpus,1,2,50.0
1374,Corysanthes,1,92,1.0869565217391304
1375,Cornus,1,439,0.22779043280182232
1376,Erythrodanum,1,3,33.333333333333336
1377,Cymbidium,1,537,0.186219739292365
1378,Citharexylum,1,251,0.398406374501992
1379,Asarca,1,96,1.0416666666666667
1412,Corunastylis,1,74,1.3513513513513513
1381,Castanea,1,240,0.4166666666666667
1382,Sauropus,1,140,0.7142857142857143
1383,Melanthesopsis,1,12,8.333333333333334
1384,Melanthesa,1,27,3.7037037037037037
1385,Sarcopodium,1,58,1.7241379310344827
1386,Katherinea,1,31,3.225806451612903
1355,Breyniopsis,1,2,50.0
1356,Diplomorpha,1,41,2.4390243902439024
1357,Floribunda,1,3,33.333333333333336
1358,Legocia,1,2,50.0
1380,Randia,1,606,0.16501650165016502
1413,Prasophyllum,1,249,0.40160642570281124
1414,Tirucalia,1,77,1.2987012987012987
1415,Dendrolirium,1,34,2.9411764705882355
1416,Pogonia,1,167,0.5988023952095808
1417,Nepeta,1,835,0.11976047904191617
1418,Ichnocarpus,1,60,1.6666666666666667
1387,Epipogium,1,25,4.0
1388,Drypetes,1,350,0.2857142857142857
1389,Castilleja,1,653,0.15313935681470137
1390,Ochna,1,343,0.2915451895043732
1402,Tetraglochidion,1,2,50.0
1392,Campylocercum,1,7,14.285714285714286
1393,Spongopyrena,1,5,20.0
1394,Meesia,1,2,50.0
1395,Calpurnia,1,28,3.5714285714285716
1396,Apoterium,1,2,50.0
1397,Calceolaria,1,900,0.1111111111111111
1398,Echyrospermum,1,1,100.0
1399,Ticanto,1,2,50.0
1400,Dendropanax,1,149,0.6711409395973155
1401,Pinelia,1,8,12.5
1391,Walkera,1,4,25.0
1530,Puya,1,306,0.32679738562091504
1499,Urophyllum,1,204,0.49019607843137253
1500,Billardiera,1,72,1.3888888888888888
1501,Uwarowia,1,3,33.333333333333336
1502,Tricalysia,1,277,0.36101083032490977
1503,Dendrocolla,1,45,2.2222222222222223
1504,Stylocoryna,1,74,1.3513513513513513
1505,Tarenna,1,353,0.28328611898017
1506,Verbenella,1,2,50.0
1465,Spathoglottis,1,95,1.0526315789473684
1508,Shuttleworthia,1,9,11.11111111111111
1509,Stenogyne,1,182,0.5494505494505495
1510,Pabstiella,1,167,0.5988023952095808
1511,Kyllinga,1,355,0.28169014084507044
1512,Acinax,1,1,100.0
1513,Asterochaete,1,9,11.11111111111111
1514,Tripogandra,1,41,2.4390243902439024
1483,Prieurella,1,7,14.285714285714286
1484,Chilocarpus,1,49,2.0408163265306123
1485,Cercestis,1,17,5.882352941176471
1507,Helleranthus,1,2,50.0
1540,Bakerantha,1,5,20.0
1541,Iria,1,119,0.8403361344537815
1542,Dyckia,1,318,0.31446540880503143
1543,Talbotiopsis,1,2,50.0
1544,Pentlandia,1,5,20.0
1545,Phaedranassa,1,24,4.166666666666667
1546,Muscari,1,279,0.35842293906810035
1515,Schoenus,1,500,0.2
1516,Alpinia,1,512,0.1953125
1517,Afrothismia,1,19,5.2631578947368425
1529,Scleria,1,771,0.1297016861219196
2390,Gastrolychnis,1,44,2.272727272727273
1520,Kentrophyta,1,12,8.333333333333334
1521,Tragacantha,1,1345,0.07434944237918216
1522,Banfiopuntia,1,2,50.0
1523,Podlechiella,1,3,33.333333333333336
1524,Hexastylis,1,25,4.0
1525,Artabotrys,1,179,0.5586592178770949
1526,Holostylis,1,3,33.333333333333336
1527,Bagnisia,1,5,20.0
1528,Streptolirion,1,13,7.6923076923076925
1518,Zygopetalum,1,166,0.6024096385542169
1477,Nemaluma,1,2,50.0
1478,Neolabatia,1,8,12.5
1479,Exorrhiza,1,10,10.0
1480,Fibrocentrum,1,2,50.0
1481,Cornuella,1,2,50.0
1482,Achrouteria,1,3,33.333333333333336
1451,Radlkoferella,1,30,3.3333333333333335
1452,Eglerodendron,1,2,50.0
1453,Labatia,1,43,2.3255813953488373
1486,Gilipus,1,2,50.0
1455,Syzygiopsis,1,3,33.333333333333336
1456,Eusteralis,1,28,3.5714285714285716
1457,Conopsidium,1,3,33.333333333333336
1458,Phlomis,1,413,0.24213075060532688
1459,Phlomoides,1,201,0.4975124378109453
1460,Paraeremostachys,1,16,6.25
1461,Kingidium,1,17,5.882352941176471
1462,Doritis,1,47,2.127659574468085
1463,Echites,1,509,0.19646365422396855
1464,Caperonia,1,75,1.3333333333333333
1454,Englerella,1,3,33.333333333333336
1487,Bragaia,1,2,50.0
1488,Echinocystis,1,42,2.380952380952381
1489,Brandegea,1,6,16.666666666666668
1490,Echinopepon,1,37,2.7027027027027026
1491,Bossiaea,1,136,0.7352941176470589
1492,Blitum,1,72,1.3888888888888888
1493,Atrema,1,3,33.333333333333336
1494,Londesia,1,2,50.0
1495,Arctostaphylos,1,388,0.25773195876288657
1496,Huxleya,1,2,50.0
1476,Rhodocalyx,1,15,6.666666666666667
1498,Agnus-castus,1,10,10.0
1467,Sideritis,1,886,0.11286681715575621
1468,Schoenorchis,1,47,2.127659574468085
1469,Saccolabium,1,356,0.2808988764044944
1470,Rhododon,1,3,33.333333333333336
1471,Stachydeoma,1,5,20.0
1472,Proteroceras,1,2,50.0
1473,Mapouria,1,203,0.49261083743842365
1474,Guajava,1,98,1.0204081632653061
1475,Prunella,1,189,0.5291005291005291
1497,Voacanga,1,53,1.8867924528301887
